Frames,0,1,2,3,4,5,6,7,8,9,10,11,12,13,14,15,16,17,18,19,20,21,22,23,24,25,26,27,28,29,30,31,32,33,34,35,36,37,38,39,40,41,42,43,44,45,46,47,48,49,50,51,52,53,54,55,56,57,58,59,60,61,62,63,64,65,66,67,68,69,70,71,72,73,74,75,76,77,78,79,80,81,82,83,84,85,86,87,88,89,90,91,92,93,94,95,96,97,98,99,100
0,,,,,,,,,,,,,,,,,,,,,,,,,,,,,,,,,,,,,,,,,,,,,,,,,,,,,,,,,,,,,,,,,,,,,,,,,,,,,,,,,,,,,,,,,,,,,,,,,,,,,
1,,,,,,,,,,,,,,,,,,,,,,,,,,,,,,,,,,,,,,,,,,,,,,,,,,,,,,,,,,,,,,,,,,,,,,,,,,,,,,,,,,,,,,,,,,,,,,,,,,,,,
2,,,,,,,,,,,,,,,,,,,,,,,,,,,,,,,,,,,,,,,,,,,,,,,,,,,,,,,,,,,,,,,,,,,,,,,,,,,,,,,,,,,,,,,,,,,,,,,,,,,,,
3,,,,,,,,,,,,,,,,,,,,,,,,,,,,,,,,,,,,,,,,,,,,,,,,,,,,,,,,,,,,,,,,,,,,,,,,,,,,,,,,,,,,,,,,,,,,,,,,,,,,,
4,,,,,,,,,,,,,,,,,,,,,,,,,,,,,,,,,,,,,,,,,,,,,,,,,,,,,,,,,,,,,,,,,,,,,,,,,,,,,,,,,,,,,,,,,,,,,,,,,,,,,
5,"[223.0, 344.0]","[222.0, 280.0]",,,,,,,,,,,,,,,,,,,,,,,,,,,,,,,,,,,,,,,,,,,,,,,,,,,,,,,,,,,,,,,,,,,,,,,,,,,,,,,,,,,,,,,,,,,,,,,,,,,
6,"[226.0, 339.0]","[223.0, 276.0]",,,,,,,,,,,,,,,,,,,,,,,,,,,,,,,,,,,,,,,,,,,,,,,,,,,,,,,,,,,,,,,,,,,,,,,,,,,,,,,,,,,,,,,,,,,,,,,,,,,
7,"[230.0, 337.0]","[224.0, 272.0]",,,,,,,,,,,,,,,,,,,,,,,,,,,,,,,,,,,,,,,,,,,,,,,,,,,,,,,,,,,,,,,,,,,,,,,,,,,,,,,,,,,,,,,,,,,,,,,,,,,
8,"[233.0, 333.0]","[226.0, 267.0]",,,,,,,,,,,,,,,,,,,,,,,,,,,,,,,,,,,,,,,,,,,,,,,,,,,,,,,,,,,,,,,,,,,,,,,,,,,,,,,,,,,,,,,,,,,,,,,,,,,
9,"[239.0, 328.0]","[227.0, 263.0]",,,,,,,,,,,,,,,,,,,,,,,,,,,,,,,,,,,,,,,,,,,,,,,,,,,,,,,,,,,,,,,,,,,,,,,,,,,,,,,,,,,,,,,,,,,,,,,,,,,
10,"[239.0, 324.0]","[231.0, 260.0]","[29.0, 251.0]",,,,,,,,,,,,,,,,,,,,,,,,,,,,,,,,,,,,,,,,,,,,,,,,,,,,,,,,,,,,,,,,,,,,,,,,,,,,,,,,,,,,,,,,,,,,,,,,,,
11,"[239.0, 319.0]","[233.0, 256.0]","[27.0, 253.0]",,,,,,,,,,,,,,,,,,,,,,,,,,,,,,,,,,,,,,,,,,,,,,,,,,,,,,,,,,,,,,,,,,,,,,,,,,,,,,,,,,,,,,,,,,,,,,,,,,
12,"[238.0, 316.0]","[234.0, 253.0]","[19.0, 253.0]",,,,,,,,,,,,,,,,,,,,,,,,,,,,,,,,,,,,,,,,,,,,,,,,,,,,,,,,,,,,,,,,,,,,,,,,,,,,,,,,,,,,,,,,,,,,,,,,,,
13,,"[234.0, 247.0]","[19.0, 262.0]",,,,,,,,,,,,,,,,,,,,,,,,,,,,,,,,,,,,,,,,,,,,,,,,,,,,,,,,,,,,,,,,,,,,,,,,,,,,,,,,,,,,,,,,,,,,,,,,,,
14,,"[237.0, 244.0]","[20.0, 263.0]",,,,,,,,,,,,,,,,,,,,,,,,,,,,,,,,,,,,,,,,,,,,,,,,,,,,,,,,,,,,,,,,,,,,,,,,,,,,,,,,,,,,,,,,,,,,,,,,,,
15,,"[236.0, 242.0]","[18.0, 266.0]",,,,,,,,,,,,,,,,,,,,,,,,,,,,,,,,,,,,,,,,,,,,,,,,,,,,,,,,,,,,,,,,,,,,,,,,,,,,,,,,,,,,,,,,,,,,,,,,,,
16,,"[237.0, 238.0]","[20.0, 277.0]","[14.0, 255.0]",,,,,,,,,,,,,,,,,,,,,,,,,,,,,,,,,,,,,,,,,,,,,,,,,,,,,,,,,,,,,,,,,,,,,,,,,,,,,,,,,,,,,,,,,,,,,,,,,
17,,"[246.0, 238.0]","[17.0, 280.0]",,,,,,,,,,,,,,,,,,,,,,,,,,,,,,,,,,,,,,,,,,,,,,,,,,,,,,,,,,,,,,,,,,,,,,,,,,,,,,,,,,,,,,,,,,,,,,,,,,
18,,"[241.0, 232.0]","[15.0, 285.0]",,"[241.0, 272.0]",,,,,,,,,,,,,,,,,,,,,,,,,,,,,,,,,,,,,,,,,,,,,,,,,,,,,,,,,,,,,,,,,,,,,,,,,,,,,,,,,,,,,,,,,,,,,,,,
19,,"[247.0, 232.0]","[13.0, 282.0]",,"[241.0, 268.0]",,,,,,,,,,,,,,,,,,,,,,,,,,,,,,,,,,,,,,,,,,,,,,,,,,,,,,,,,,,,,,,,,,,,,,,,,,,,,,,,,,,,,,,,,,,,,,,,
20,,"[249.0, 231.0]","[14.0, 290.0]",,"[243.0, 265.0]",,,,,,,,,,,,,,,,,,,,,,,,,,,,,,,,,,,,,,,,,,,,,,,,,,,,,,,,,,,,,,,,,,,,,,,,,,,,,,,,,,,,,,,,,,,,,,,,
21,,,"[14.0, 293.0]",,"[243.0, 261.0]","[10.0, 264.0]",,,,,,,,,,,,,,,,,,,,,,,,,,,,,,,,,,,,,,,,,,,,,,,,,,,,,,,,,,,,,,,,,,,,,,,,,,,,,,,,,,,,,,,,,,,,,,,
22,,,"[10.0, 292.0]",,"[245.0, 237.0]",,,,,,,,,,,,,,,,,,,,,,,,,,,,,,,,,,,,,,,,,,,,,,,,,,,,,,,,,,,,,,,,,,,,,,,,,,,,,,,,,,,,,,,,,,,,,,,,
23,,,"[10.0, 300.0]",,"[246.0, 234.0]",,"[430.0, 354.0]",,,,,,,,,,,,,,,,,,,,,,,,,,,,,,,,,,,,,,,,,,,,,,,,,,,,,,,,,,,,,,,,,,,,,,,,,,,,,,,,,,,,,,,,,,,,,,
24,,,"[8.0, 293.0]",,,,"[425.0, 351.0]",,,,,,,,,,,,,,,,,,,,,,,,,,,,,,,,,,,,,,,,,,,,,,,,,,,,,,,,,,,,,,,,,,,,,,,,,,,,,,,,,,,,,,,,,,,,,,
25,,,"[9.0, 306.0]",,,,"[421.0, 346.0]",,,,,,,,,,,,,,,,,,,,,,,,,,,,,,,,,,,,,,,,,,,,,,,,,,,,,,,,,,,,,,,,,,,,,,,,,,,,,,,,,,,,,,,,,,,,,,
26,,,,,,,"[419.0, 342.0]",,,,,,,,,,,,,,,,,,,,,,,,,,,,,,,,,,,,,,,,,,,,,,,,,,,,,,,,,,,,,,,,,,,,,,,,,,,,,,,,,,,,,,,,,,,,,,
27,,,,,,,"[416.0, 336.0]","[10.0, 226.0]",,,,,,,,,,,,,,,,,,,,,,,,,,,,,,,,,,,,,,,,,,,,,,,,,,,,,,,,,,,,,,,,,,,,,,,,,,,,,,,,,,,,,,,,,,,,,
28,,,,,,,"[414.0, 330.0]","[10.0, 227.0]",,,,,,,,,,,,,,,,,,,,,,,,,,,,,,,,,,,,,,,,,,,,,,,,,,,,,,,,,,,,,,,,,,,,,,,,,,,,,,,,,,,,,,,,,,,,,
29,,,,,,,"[414.0, 323.0]","[8.0, 229.0]","[245.0, 226.0]",,,,,,,,,,,,,,,,,,,,,,,,,,,,,,,,,,,,,,,,,,,,,,,,,,,,,,,,,,,,,,,,,,,,,,,,,,,,,,,,,,,,,,,,,,,,
30,,,,,,,"[410.0, 317.0]",,,,,,,,,,,,,,,,,,,,,,,,,,,,,,,,,,,,,,,,,,,,,,,,,,,,,,,,,,,,,,,,,,,,,,,,,,,,,,,,,,,,,,,,,,,,,,
31,,,,,,,"[408.0, 310.0]",,,,,,,,,,,,,,,,,,,,,,,,,,,,,,,,,,,,,,,,,,,,,,,,,,,,,,,,,,,,,,,,,,,,,,,,,,,,,,,,,,,,,,,,,,,,,,
32,,,,,,,"[409.0, 305.0]",,,,,,,,,,,,,,,,,,,,,,,,,,,,,,,,,,,,,,,,,,,,,,,,,,,,,,,,,,,,,,,,,,,,,,,,,,,,,,,,,,,,,,,,,,,,,,
33,,,,,,,"[407.0, 300.0]",,,,,,,,,,,,,,,,,,,,,,,,,,,,,,,,,,,,,,,,,,,,,,,,,,,,,,,,,,,,,,,,,,,,,,,,,,,,,,,,,,,,,,,,,,,,,,
34,,,,,,,"[406.0, 294.0]",,,,,,,,,,,,,,,,,,,,,,,,,,,,,,,,,,,,,,,,,,,,,,,,,,,,,,,,,,,,,,,,,,,,,,,,,,,,,,,,,,,,,,,,,,,,,,
35,,,,,,,"[403.0, 287.0]",,,,,,,,,,,,,,,,,,,,,,,,,,,,,,,,,,,,,,,,,,,,,,,,,,,,,,,,,,,,,,,,,,,,,,,,,,,,,,,,,,,,,,,,,,,,,,
36,,,,,,,"[402.0, 283.0]",,,,,,,,,,,,,,,,,,,,,,,,,,,,,,,,,,,,,,,,,,,,,,,,,,,,,,,,,,,,,,,,,,,,,,,,,,,,,,,,,,,,,,,,,,,,,,
37,,,,,,,"[401.0, 277.0]",,,"[104.0, 355.0]",,,,,,,,,,,,,,,,,,,,,,,,,,,,,,,,,,,,,,,,,,,,,,,,,,,,,,,,,,,,,,,,,,,,,,,,,,,,,,,,,,,,,,,,,,,
38,,,,,,,"[399.0, 272.0]",,,"[105.0, 352.0]",,,,,,,,,,,,,,,,,,,,,,,,,,,,,,,,,,,,,,,,,,,,,,,,,,,,,,,,,,,,,,,,,,,,,,,,,,,,,,,,,,,,,,,,,,,
39,,,,,,,"[399.0, 265.0]",,,"[106.0, 349.0]",,,,,,,,,,,,,,,,,,,,,,,,,,,,,,,,,,,,,,,,,,,,,,,,,,,,,,,,,,,,,,,,,,,,,,,,,,,,,,,,,,,,,,,,,,,
40,,,,,,,"[397.0, 262.0]",,,"[112.0, 345.0]",,,,,,,,,,,,,,,,,,,,,,,,,,,,,,,,,,,,,,,,,,,,,,,,,,,,,,,,,,,,,,,,,,,,,,,,,,,,,,,,,,,,,,,,,,,
41,,,,,,,"[396.0, 256.0]",,,"[110.0, 344.0]",,,,,,,,,,,,,,,,,,,,,,,,,,,,,,,,,,,,,,,,,,,,,,,,,,,,,,,,,,,,,,,,,,,,,,,,,,,,,,,,,,,,,,,,,,,
42,,,,,,,"[395.0, 252.0]",,,"[113.0, 342.0]",,,,,,,,,,,,,,,,,,,,,,,,,,,,,,,,,,,,,,,,,,,,,,,,,,,,,,,,,,,,,,,,,,,,,,,,,,,,,,,,,,,,,,,,,,,
43,,,,,,,"[394.0, 248.0]",,,"[115.0, 341.0]",,,,,,,,,,,,,,,,,,,,,,,,,,,,,,,,,,,,,,,,,,,,,,,,,,,,,,,,,,,,,,,,,,,,,,,,,,,,,,,,,,,,,,,,,,,
44,,,,,,,"[393.0, 243.0]",,,"[118.0, 338.0]",,,,,,,,,,,,,,,,,,,,,,,,,,,,,,,,,,,,,,,,,,,,,,,,,,,,,,,,,,,,,,,,,,,,,,,,,,,,,,,,,,,,,,,,,,,
45,,,,,,,"[393.0, 240.0]",,,"[120.0, 337.0]",,,,,,,,,,,,,,,,,,,,,,,,,,,,,,,,,,,,,,,,,,,,,,,,,,,,,,,,,,,,,,,,,,,,,,,,,,,,,,,,,,,,,,,,,,,
46,,,,,,,"[392.0, 238.0]",,,"[122.0, 334.0]",,,,,,,,,,,,,,,,,,,,,,,,,,,,,,,,,,,,,,,,,,,,,,,,,,,,,,,,,,,,,,,,,,,,,,,,,,,,,,,,,,,,,,,,,,,
47,,,,,,,"[393.0, 236.0]",,,"[124.0, 332.0]",,,,,,,,,,,,,,,,,,,,,,,,,,,,,,,,,,,,,,,,,,,,,,,,,,,,,,,,,,,,,,,,,,,,,,,,,,,,,,,,,,,,,,,,,,,
48,,,,,,,"[392.0, 232.0]",,,"[127.0, 329.0]",,,,,,,,,,,,,,,,,,,,,,,,,,,,,,,,,,,,,,,,,,,,,,,,,,,,,,,,,,,,,,,,,,,,,,,,,,,,,,,,,,,,,,,,,,,
49,,,,,,,"[392.0, 230.0]",,,"[128.0, 327.0]",,,,,,,,,,,,,,,,,,,,,,,,,,,,,,,,,,,,,,,,,,,,,,,,,,,,,,,,,,,,,,,,,,,,,,,,,,,,,,,,,,,,,,,,,,,
50,,,,,,,"[393.0, 226.0]",,,"[131.0, 325.0]",,,,,,,,,,,,,,,,,,,,,,,,,,,,,,,,,,,,,,,,,,,,,,,,,,,,,,,,,,,,,,,,,,,,,,,,,,,,,,,,,,,,,,,,,,,
51,,,,,,,,,,"[133.0, 323.0]",,,,,,,,,,,,,,,,,,,,,,,,,,,,,,,,,,,,,,,,,,,,,,,,,,,,,,,,,,,,,,,,,,,,,,,,,,,,,,,,,,,,,,,,,,,
52,,,,,,,,,,"[135.0, 319.0]",,,,,,,,,,,,,,,,,,,,,,,,,,,,,,,,,,,,,,,,,,,,,,,,,,,,,,,,,,,,,,,,,,,,,,,,,,,,,,,,,,,,,,,,,,,
53,,,,,,,,,,"[138.0, 316.0]","[209.0, 355.0]",,,,,,,,,,,,,,,,,,,,,,,,,,,,,,,,,,,,,,,,,,,,,,,,,,,,,,,,,,,,,,,,,,,,,,,,,,,,,,,,,,,,,,,,,,
54,,,,,,,,,,"[140.0, 313.0]","[210.0, 351.0]",,,,,,,,,,,,,,,,,,,,,,,,,,,,,,,,,,,,,,,,,,,,,,,,,,,,,,,,,,,,,,,,,,,,,,,,,,,,,,,,,,,,,,,,,,
55,,,,,,,,,,"[143.0, 308.0]","[210.0, 348.0]",,,,,,,,,,,,,,,,,,,,,,,,,,,,,,,,,,,,,,,,,,,,,,,,,,,,,,,,,,,,,,,,,,,,,,,,,,,,,,,,,,,,,,,,,,
56,,,,,,,,,,"[145.0, 303.0]","[211.0, 345.0]",,,,,,,,,,,,,,,,,,,,,,,,,,,,,,,,,,,,,,,,,,,,,,,,,,,,,,,,,,,,,,,,,,,,,,,,,,,,,,,,,,,,,,,,,,
57,,,,,,,,,,"[148.0, 299.0]","[211.0, 343.0]",,,,,,,,,,,,,,,,,,,,,,,,,,,,,,,,,,,,,,,,,,,,,,,,,,,,,,,,,,,,,,,,,,,,,,,,,,,,,,,,,,,,,,,,,,
58,,,,,,,,,,"[150.0, 295.0]","[213.0, 341.0]",,,,,,,,,,,,,,,,,,,,,,,,,,,,,,,,,,,,,,,,,,,,,,,,,,,,,,,,,,,,,,,,,,,,,,,,,,,,,,,,,,,,,,,,,,
59,,,,,,,,,,"[151.0, 291.0]","[211.0, 337.0]",,,,,,,,,,,,,,,,,,,,,,,,,,,,,,,,,,,,,,,,,,,,,,,,,,,,,,,,,,,,,,,,,,,,,,,,,,,,,,,,,,,,,,,,,,
60,,,,,,,,,,"[155.0, 286.0]","[213.0, 332.0]",,,,,,,,,,,,,,,,,,,,,,,,,,,,,,,,,,,,,,,,,,,,,,,,,,,,,,,,,,,,,,,,,,,,,,,,,,,,,,,,,,,,,,,,,,
61,,,,,,,,,,"[157.0, 282.0]","[213.0, 327.0]",,,,,,,,,,,,,,,,,,,,,,,,,,,,,,,,,,,,,,,,,,,,,,,,,,,,,,,,,,,,,,,,,,,,,,,,,,,,,,,,,,,,,,,,,,
62,,,,,,,,,,"[158.0, 279.0]","[215.0, 323.0]",,,,,,,,,,,,,,,,,,,,,,,,,,,,,,,,,,,,,,,,,,,,,,,,,,,,,,,,,,,,,,,,,,,,,,,,,,,,,,,,,,,,,,,,,,
63,,,,,,,,,,"[160.0, 275.0]","[216.0, 318.0]",,,,,,,,,,,,,,,,,,,,,,,,,,,,,,,,,,,,,,,,,,,,,,,,,,,,,,,,,,,,,,,,,,,,,,,,,,,,,,,,,,,,,,,,,,
64,,,,,,,,,,"[161.0, 272.0]","[222.0, 306.0]",,,,,,,,,,,,,,,,,,,,,,,,,,,,,,,,,,,,,,,,,,,,,,,,,,,,,,,,,,,,,,,,,,,,,,,,,,,,,,,,,,,,,,,,,,
65,,,,,,,,,,"[162.0, 268.0]","[224.0, 300.0]",,,,,,,,,,,,,,,,,,,,,,,,,,,,,,,,,,,,,,,,,,,,,,,,,,,,,,,,,,,,,,,,,,,,,,,,,,,,,,,,,,,,,,,,,,
66,,,,,,,,,,"[164.0, 265.0]","[225.0, 295.0]",,,,,,,,,,,,,,,,,,,,,,,,,,,,,,,,,,,,,,,,,,,,,,,,,,,,,,,,,,,,,,,,,,,,,,,,,,,,,,,,,,,,,,,,,,
67,,,,,,,,,,"[168.0, 261.0]","[225.0, 290.0]",,,,,,,,,,,,,,,,,,,,,,,,,,,,,,,,,,,,,,,,,,,,,,,,,,,,,,,,,,,,,,,,,,,,,,,,,,,,,,,,,,,,,,,,,,
68,,,,,,,,,,"[169.0, 258.0]","[227.0, 287.0]",,,,,,,,,,,,,,,,,,,,,,,,,,,,,,,,,,,,,,,,,,,,,,,,,,,,,,,,,,,,,,,,,,,,,,,,,,,,,,,,,,,,,,,,,,
69,,,,,,,,,,"[170.0, 255.0]","[228.0, 281.0]",,,,,,,,,,,,,,,,,,,,,,,,,,,,,,,,,,,,,,,,,,,,,,,,,,,,,,,,,,,,,,,,,,,,,,,,,,,,,,,,,,,,,,,,,,
70,,,,,,,,,,"[173.0, 252.0]","[228.0, 279.0]",,,,,,,,,,,,,,,,,,,,,,,,,,,,,,,,,,,,,,,,,,,,,,,,,,,,,,,,,,,,,,,,,,,,,,,,,,,,,,,,,,,,,,,,,,
71,,,,,,,,,,"[174.0, 249.0]","[229.0, 273.0]",,,,,,,,,,,,,,,,,,,,,,,,,,,,,,,,,,,,,,,,,,,,,,,,,,,,,,,,,,,,,,,,,,,,,,,,,,,,,,,,,,,,,,,,,,
72,,,,,,,,,,"[176.0, 246.0]","[231.0, 270.0]","[263.0, 301.0]",,,,,,,,,,,,,,,,,,,,,,,,,,,,,,,,,,,,,,,,,,,,,,,,,,,,,,,,,,,,,,,,,,,,,,,,,,,,,,,,,,,,,,,,,
73,,,,,,,,,,"[177.0, 243.0]","[232.0, 266.0]",,,,,,,,,,,,,,,,,,,,,,,,,,,,,,,,,,,,,,,,,,,,,,,,,,,,,,,,,,,,,,,,,,,,,,,,,,,,,,,,,,,,,,,,,,
74,,,,,,,,,,"[179.0, 241.0]","[233.0, 262.0]",,"[264.0, 289.0]",,,,,,,,,,,,,,,,,,,,,,,,,,,,,,,,,,,,,,,,,,,,,,,,,,,,,,,,,,,,,,,,,,,,,,,,,,,,,,,,,,,,,,,,
75,,,,,,,,,,"[180.0, 240.0]","[234.0, 259.0]",,,,,,,,,,,,,,,,,,,,,,,,,,,,,,,,,,,,,,,,,,,,,,,,,,,,,,,,,,,,,,,,,,,,,,,,,,,,,,,,,,,,,,,,,,
76,,,,,,,,,,"[181.0, 237.0]","[236.0, 255.0]",,,"[265.0, 285.0]",,,,,,,,,,,,,,,,,,,,,,,,,,,,,,,,,,,,,,,,,,,,,,,,,,,,,,,,,,,,,,,,,,,,,,,,,,,,,,,,,,,,,,,
77,,,,,,,,,,"[182.0, 235.0]","[238.0, 251.0]",,,"[266.0, 279.0]",,,,,,,,,,,,,,,,,,,,,,,,,,,,,,,,,,,,,,,,,,,,,,,,,,,,,,,,,,,,,,,,,,,,,,,,,,,,,,,,,,,,,,,
78,,,,,,,,,,"[184.0, 232.0]","[238.0, 250.0]",,,,,,,,,,,,,,,,,,,,,,,,,,,,,,,,,,,,,,,,,,,,,,,,,,,,,,,,,,,,,,,,,,,,,,,,,,,,,,,,,,,,,,,,,,
79,,,,,,,,,,"[185.0, 229.0]","[238.0, 245.0]",,,,,,,,,,,,,,,,,,,,,,,,,,,,,,,,,,,,,,,,,,,,,,,,,,,,,,,,,,,,,,,,,,,,,,,,,,,,,,,,,,,,,,,,,,
80,,,,,,,,,,"[186.0, 227.0]","[241.0, 241.0]",,,,,,,,,,,,,,,,,,,,,,,,,,,,,,,,,,,,,,,,,,,,,,,,,,,,,,,,,,,,,,,,,,,,,,,,,,,,,,,,,,,,,,,,,,
81,,,,,,,,,,"[188.0, 226.0]","[242.0, 238.0]",,,,,,,,,,,,,,,,,,,,,,,,,,,,,,,,,,,,,,,,,,,,,,,,,,,,,,,,,,,,,,,,,,,,,,,,,,,,,,,,,,,,,,,,,,
82,,,,,,,,,,,"[250.0, 241.0]",,,,,,,,,,,,,,,,,,,,,,,,,,,,,,,,,,,,,,,,,,,,,,,,,,,,,,,,,,,,,,,,,,,,,,,,,,,,,,,,,,,,,,,,,,
83,,,,,,,,,,,"[251.0, 238.0]",,,,,,,,,,,,,,,,,,,,,,,,,,,,,,,,,,,,,,,,,,,,,,,,,,,,,,,,,,,,,,,,,,,,,,,,,,,,,,,,,,,,,,,,,,
84,,,,,,,,,,,"[244.0, 228.0]",,,,"[269.0, 249.0]","[201.0, 226.0]",,,,,,,,,,,,,,,,,,,,,,,,,,,,,,,,,,,,,,,,,,,,,,,,,,,,,,,,,,,,,,,,,,,,,,,,,,,,,,,,,,,,,
85,,,,,,,,,,,"[253.0, 232.0]",,,,"[253.0, 232.0]",,,,,,,,,,,,,,,,,,,,,,,,,,,,,,,,,,,,,,,,,,,,,,,,,,,,,,,,,,,,,,,,,,,,,,,,,,,,,,,,,,,,,,
86,,,,,,,,,,,"[253.0, 228.0]",,,,"[253.0, 228.0]",,,,,,,,,,,,,,,,,,,,,,,,,,,,,,,,,,,,,,,,,,,,,,,,,,,,,,,,,,,,,,,,,,,,,,,,,,,,,,,,,,,,,,
87,,,,,,,,,,,,,,,,,,,,,,,,,,,,,,,,,,,,,,,,,,,,,,,,,,,,,,,,,,,,,,,,,,,,,,,,,,,,,,,,,,,,,,,,,,,,,,,,,,,,,
88,,,,,,,,,,,,,,,,,,,,,,,,,,,,,,,,,,,,,,,,,,,,,,,,,,,,,,,,,,,,,,,,,,,,,,,,,,,,,,,,,,,,,,,,,,,,,,,,,,,,,
89,,,,,,,,,,,,,,,,,"[271.0, 233.0]",,,,,,,,,,,,,,,,,,,,,,,,,,,,,,,,,,,,,,,,,,,,,,,,,,,,,,,,,,,,,,,,,,,,,,,,,,,,,,,,,,,,
90,,,,,,,,,,,,,,,,,,,,,,,,,,,,,,,,,,,,,,,,,,,,,,,,,,,,,,,,,,,,,,,,,,,,,,,,,,,,,,,,,,,,,,,,,,,,,,,,,,,,,
91,,,,,,,,,,,,,,,,,,"[272.0, 227.0]",,,,,,,,,,,,,,,,,,,,,,,,,,,,,,,,,,,,,,,,,,,,,,,,,,,,,,,,,,,,,,,,,,,,,,,,,,,,,,,,,,,
92,,,,,,,,,,,,,,,,,,,,,,,,,,,,,,,,,,,,,,,,,,,,,,,,,,,,,,,,,,,,,,,,,,,,,,,,,,,,,,,,,,,,,,,,,,,,,,,,,,,,,
93,,,,,,,,,,,,,,,,,,,,,,,,,,,,,,,,,,,,,,,,,,,,,,,,,,,,,,,,,,,,,,,,,,,,,,,,,,,,,,,,,,,,,,,,,,,,,,,,,,,,,
94,,,,,,,,,,,,,,,,,,,,,,,,,,,,,,,,,,,,,,,,,,,,,,,,,,,,,,,,,,,,,,,,,,,,,,,,,,,,,,,,,,,,,,,,,,,,,,,,,,,,,
95,,,,,,,,,,,,,,,,,,,,,,,,,,,,,,,,,,,,,,,,,,,,,,,,,,,,,,,,,,,,,,,,,,,,,,,,,,,,,,,,,,,,,,,,,,,,,,,,,,,,,
96,,,,,,,,,,,,,,,,,,,,,,,,,,,,,,,,,,,,,,,,,,,,,,,,,,,,,,,,,,,,,,,,,,,,,,,,,,,,,,,,,,,,,,,,,,,,,,,,,,,,,
97,,,,,,,,,,,,,,,,,,,,,,,,,,,,,,,,,,,,,,,,,,,,,,,,,,,,,,,,,,,,,,,,,,,,,,,,,,,,,,,,,,,,,,,,,,,,,,,,,,,,,
98,,,,,,,,,,,,,,,,,,,,,,,,,,,,,,,,,,,,,,,,,,,,,,,,,,,,,,,,,,,,,,,,,,,,,,,,,,,,,,,,,,,,,,,,,,,,,,,,,,,,,
99,,,,,,,,,,,,,,,,,,,,,,,,,,,,,,,,,,,,,,,,,,,,,,,,,,,,,,,,,,,,,,,,,,,,,,,,,,,,,,,,,,,,,,,,,,,,,,,,,,,,,
100,,,,,,,,,,,,,,,,,,,,,,,,,,,,,,,,,,,,,,,,,,,,,,,,,,,,,,,,,,,,,,,,,,,,,,,,,,,,,,,,,,,,,,,,,,,,,,,,,,,,,
101,,,,,,,,,,,,,,,,,,,,,,,,,,,,,,,,,,,,,,,,,,,,,,,,,,,,,,,,,,,,,,,,,,,,,,,,,,,,,,,,,,,,,,,,,,,,,,,,,,,,,
102,,,,,,,,,,,,,,,,,,,,,,,,,,,,,,,,,,,,,,,,,,,,,,,,,,,,,,,,,,,,,,,,,,,,,,,,,,,,,,,,,,,,,,,,,,,,,,,,,,,,,
103,,,,,,,,,,,,,,,,,,,,,,,,,,,,,,,,,,,,,,,,,,,,,,,,,,,,,,,,,,,,,,,,,,,,,,,,,,,,,,,,,,,,,,,,,,,,,,,,,,,,,
104,,,,,,,,,,,,,,,,,,,,,,,,,,,,,,,,,,,,,,,,,,,,,,,,,,,,,,,,,,,,,,,,,,,,,,,,,,,,,,,,,,,,,,,,,,,,,,,,,,,,,
105,,,,,,,,,,,,,,,,,,,,,,,,,,,,,,,,,,,,,,,,,,,,,,,,,,,,,,,,,,,,,,,,,,,,,,,,,,,,,,,,,,,,,,,,,,,,,,,,,,,,,
106,,,,,,,,,,,,,,,,,,,,,,,,,,,,,,,,,,,,,,,,,,,,,,,,,,,,,,,,,,,,,,,,,,,,,,,,,,,,,,,,,,,,,,,,,,,,,,,,,,,,,
107,,,,,,,,,,,,,,,,,,,,,,,,,,,,,,,,,,,,,,,,,,,,,,,,,,,,,,,,,,,,,,,,,,,,,,,,,,,,,,,,,,,,,,,,,,,,,,,,,,,,,
108,,,,,,,,,,,,,,,,,,,,,,,,,,,,,,,,,,,,,,,,,,,,,,,,,,,,,,,,,,,,,,,,,,,,,,,,,,,,,,,,,,,,,,,,,,,,,,,,,,,,,
109,,,,,,,,,,,,,,,,,,,,,,,,,,,,,,,,,,,,,,,,,,,,,,,,,,,,,,,,,,,,,,,,,,,,,,,,,,,,,,,,,,,,,,,,,,,,,,,,,,,,,
110,,,,,,,,,,,,,,,,,,,,,,,,,,,,,,,,,,,,,,,,,,,,,,,,,,,,,,,,,,,,,,,,,,,,,,,,,,,,,,,,,,,,,,,,,,,,,,,,,,,,,
111,,,,,,,,,,,,,,,,,,,,,,,,,,,,,,,,,,,,,,,,,,,,,,,,,,,,,,,,,,,,,,,,,,,,,,,,,,,,,,,,,,,,,,,,,,,,,,,,,,,,,
112,,,,,,,,,,,,,,,,,,,,,,,,,,,,,,,,,,,,,,,,,,,,,,,,,,,,,,,,,,,,,,,,,,,,,,,,,,,,,,,,,,,,,,,,,,,,,,,,,,,,,
113,,,,,,,,,,,,,,,,,,,,,,,,,,,,,,,,,,,,,,,,,,,,,,,,,,,,,,,,,,,,,,,,,,,,,,,,,,,,,,,,,,,,,,,,,,,,,,,,,,,,,
114,,,,,,,,,,,,,,,,,,,,,,,,,,,,,,,,,,,,,,,,,,,,,,,,,,,,,,,,,,,,,,,,,,,,,,,,,,,,,,,,,,,,,,,,,,,,,,,,,,,,,
115,,,,,,,,,,,,,,,,,,,,,,,,,,,,,,,,,,,,,,,,,,,,,,,,,,,,,,,,,,,,,,,,,,,,,,,,,,,,,,,,,,,,,,,,,,,,,,,,,,,,,
116,,,,,,,,,,,,,,,,,,,,,,,,,,,,,,,,,,,,,,,,,,,,,,,,,,,,,,,,,,,,,,,,,,,,,,,,,,,,,,,,,,,,,,,,,,,,,,,,,,,,,
117,,,,,,,,,,,,,,,,,,,,,,,,,,,,,,,,,,,,,,,,,,,,,,,,,,,,,,,,,,,,,,,,,,,,,,,,,,,,,,,,,,,,,,,,,,,,,,,,,,,,,
118,,,,,,,,,,,,,,,,,,,,,,,,,,,,,,,,,,,,,,,,,,,,,,,,,,,,,,,,,,,,,,,,,,,,,,,,,,,,,,,,,,,,,,,,,,,,,,,,,,,,,
119,,,,,,,,,,,,,,,,,,,,,,,,,,,,,,,,,,,,,,,,,,,,,,,,,,,,,,,,,,,,,,,,,,,,,,,,,,,,,,,,,,,,,,,,,,,,,,,,,,,,,
120,,,,,,,,,,,,,,,,,,,,,,,,,,,,,,,,,,,,,,,,,,,,,,,,,,,,,,,,,,,,,,,,,,,,,,,,,,,,,,,,,,,,,,,,,,,,,,,,,,,,,
121,,,,,,,,,,,,,,,,,,,,,,,,,,,,,,,,,,,,,,,,,,,,,,,,,,,,,,,,,,,,,,,,,,,,,,,,,,,,,,,,,,,,,,,,,,,,,,,,,,,,,
122,,,,,,,,,,,,,,,,,,,,,,,,,,,,,,,,,,,,,,,,,,,,,,,,,,,,,,,,,,,,,,,,,,,,,,,,,,,,,,,,,,,,,,,,,,,,,,,,,,,,,
123,,,,,,,,,,,,,,,,,,,,,,,,,,,,,,,,,,,,,,,,,,,,,,,,,,,,,,,,,,,,,,,,,,,,,,,,,,,,,,,,,,,,,,,,,,,,,,,,,,,,,
124,,,,,,,,,,,,,,,,,,,"[123.0, 352.0]",,,,,,,,,,,,,,,,,,,,,,,,,,,,,,,,,,,,,,,,,,,,,,,,,,,,,,,,,,,,,,,,,,,,,,,,,,,,,,,,,,
125,,,,,,,,,,,,,,,,,,,"[115.0, 351.0]",,,,,,,,,,,,,,,,,,,,,,,,,,,,,,,,,,,,,,,,,,,,,,,,,,,,,,,,,,,,,,,,,,,,,,,,,,,,,,,,,,
126,,,,,,,,,,,,,,,,,,,"[130.0, 347.0]","[86.0, 351.0]",,,,,,,,,,,,,,,,,,,,,,,,,,,,,,,,,,,,,,,,,,,,,,,,,,,,,,,,,,,,,,,,,,,,,,,,,,,,,,,,,
127,,,,,,,,,,,,,,,,,,,"[132.0, 344.0]","[87.0, 348.0]",,,,,,,,,,,,,,,,,,,,,,,,,,,,,,,,,,,,,,,,,,,,,,,,,,,,,,,,,,,,,,,,,,,,,,,,,,,,,,,,,
128,,,,,,,,,,,,,,,,,,,"[131.0, 343.0]","[91.0, 342.0]",,,,,,,,,,,,,,,,,,,,,,,,,,,,,,,,,,,,,,,,,,,,,,,,,,,,,,,,,,,,,,,,,,,,,,,,,,,,,,,,,
129,,,,,,,,,,,,,,,,,,,"[133.0, 341.0]","[94.0, 337.0]",,,,,,,,,,,,,,,,,,,,,,,,,,,,,,,,,,,,,,,,,,,,,,,,,,,,,,,,,,,,,,,,,,,,,,,,,,,,,,,,,
130,,,,,,,,,,,,,,,,,,,"[133.0, 340.0]","[97.0, 331.0]",,,,,,,,,,,,,,,,,,,,,,,,,,,,,,,,,,,,,,,,,,,,,,,,,,,,,,,,,,,,,,,,,,,,,,,,,,,,,,,,,
131,,,,,,,,,,,,,,,,,,,"[132.0, 338.0]","[100.0, 325.0]",,,,,,,,,,,,,,,,,,,,,,,,,,,,,,,,,,,,,,,,,,,,,,,,,,,,,,,,,,,,,,,,,,,,,,,,,,,,,,,,,
132,,,,,,,,,,,,,,,,,,,"[133.0, 336.0]","[104.0, 319.0]",,,,,,,,,,,,,,,,,,,,,,,,,,,,,,,,,,,,,,,,,,,,,,,,,,,,,,,,,,,,,,,,,,,,,,,,,,,,,,,,,
133,,,,,,,,,,,,,,,,,,,"[134.0, 334.0]","[106.0, 315.0]",,,,,,,,,,,,,,,,,,,,,,,,,,,,,,,,,,,,,,,,,,,,,,,,,,,,,,,,,,,,,,,,,,,,,,,,,,,,,,,,,
134,,,,,,,,,,,,,,,,,,,"[136.0, 331.0]",,,,,,,,,,,,,,,,,,,,,,,,,,,,,,,,,,,,,,,,,,,,,,,,,,,,,,,,,,,,,,,,,,,,,,,,,,,,,,,,,,
135,,,,,,,,,,,,,,,,,,,"[138.0, 329.0]",,,,,,,,,,,,,,,,,,,,,,,,,,,,,,,,,,,,,,,,,,,,,,,,,,,,,,,,,,,,,,,,,,,,,,,,,,,,,,,,,,
136,,,,,,,,,,,,,,,,,,,"[139.0, 325.0]",,,,,,,,,,,,,,,,,,,,,,,,,,,,,,,,,,,,,,,,,,,,,,,,,,,,,,,,,,,,,,,,,,,,,,,,,,,,,,,,,,
137,,,,,,,,,,,,,,,,,,,"[142.0, 320.0]",,,,,,,,,,,,,,,,,,,,,,,,,,,,,,,,,,,,,,,,,,,,,,,,,,,,,,,,,,,,,,,,,,,,,,,,,,,,,,,,,,
138,,,,,,,,,,,,,,,,,,,"[145.0, 315.0]",,,,,,,,,,,,,,,,,,,,,,,,,,,,,,,,,,,,,,,,,,,,,,,,,,,,,,,,,,,,,,,,,,,,,,,,,,,,,,,,,,
139,,,,,,,,,,,,,,,,,,,"[147.0, 311.0]",,"[202.0, 354.0]",,,,,,,,,,,,,,,,,,,,,,,,,,,,,,,,,,,,,,,,,,,,,,,,,,,,,,,,,,,,,,,,,,,,,,,,,,,,,,,,
140,,,,,,,,,,,,,,,,,,,"[149.0, 306.0]",,"[202.0, 351.0]",,,,,,,,,,,,,,,,,,,,,,,,,,,,,,,,,,,,,,,,,,,,,,,,,,,,,,,,,,,,,,,,,,,,,,,,,,,,,,,,
141,,,,,,,,,,,,,,,,,,,"[150.0, 300.0]",,"[202.0, 348.0]",,,,,,,,,,,,,,,,,,,,,,,,,,,,,,,,,,,,,,,,,,,,,,,,,,,,,,,,,,,,,,,,,,,,,,,,,,,,,,,,
142,,,,,,,,,,,,,,,,,,,"[150.0, 296.0]",,"[202.0, 345.0]",,,,,,,,,,,,,,,,,,,,,,,,,,,,,,,,,,,,,,,,,,,,,,,,,,,,,,,,,,,,,,,,,,,,,,,,,,,,,,,,
143,,,,,,,,,,,,,,,,,,,"[154.0, 292.0]",,"[202.0, 343.0]",,,,,,,,,,,,,,,,,,,,,,,,,,,,,,,,,,,,,,,,,,,,,,,,,,,,,,,,,,,,,,,,,,,,,,,,,,,,,,,,
144,,,,,,,,,,,,,,,,,,,"[156.0, 288.0]",,"[202.0, 341.0]","[54.0, 227.0]",,,,,,,,,,,,,,,,,,,,,,,,,,,,,,,,,,,,,,,,,,,,,,,,,,,,,,,,,,,,,,,,,,,,,,,,,,,,,,,
145,,,,,,,,,,,,,,,,,,,"[157.0, 284.0]",,"[202.0, 339.0]","[50.0, 231.0]",,,,,,,,,,,,,,,,,,,,,,,,,,,,,,,,,,,,,,,,,,,,,,,,,,,,,,,,,,,,,,,,,,,,,,,,,,,,,,,
146,,,,,,,,,,,,,,,,,,,"[159.0, 280.0]",,"[202.0, 337.0]","[47.0, 234.0]",,,,,,,,,,,,,,,,,,,,,,,,,,,,,,,,,,,,,,,,,,,,,,,,,,,,,,,,,,,,,,,,,,,,,,,,,,,,,,,
147,,,,,,,,,,,,,,,,,,,"[161.0, 276.0]",,"[203.0, 336.0]","[38.0, 244.0]","[317.0, 353.0]",,,,,,,,,,,,,,,,,,,,,,,,,,,,,,,,,,,,,,,,,,,,,,,,,,,,,,,,,,,,,,,,,,,,,,,,,,,,,,
148,,,,,,,,,,,,,,,,,,,"[162.0, 273.0]",,"[202.0, 334.0]","[43.0, 240.0]","[311.0, 350.0]",,,,,,,,,,,,,,,,,,,,,,,,,,,,,,,,,,,,,,,,,,,,,,,,,,,,,,,,,,,,,,,,,,,,,,,,,,,,,,
149,,,,,,,,,,,,,,,,,,,"[164.0, 270.0]",,"[202.0, 331.0]","[41.0, 243.0]","[312.0, 348.0]",,,,,,,,,,,,,,,,,,,,,,,,,,,,,,,,,,,,,,,,,,,,,,,,,,,,,,,,,,,,,,,,,,,,,,,,,,,,,,
150,,,,,,,,,,,,,,,,,,,"[166.0, 266.0]",,"[204.0, 331.0]","[39.0, 245.0]","[314.0, 345.0]",,,,,,,,,,,,,,,,,,,,,,,,,,,,,,,,,,,,,,,,,,,,,,,,,,,,,,,,,,,,,,,,,,,,,,,,,,,,,,
151,,,,,,,,,,,,,,,,,,,"[166.0, 262.0]",,"[205.0, 328.0]","[33.0, 253.0]","[317.0, 343.0]",,,,,,,,,,,,,,,,,,,,,,,,,,,,,,,,,,,,,,,,,,,,,,,,,,,,,,,,,,,,,,,,,,,,,,,,,,,,,,
152,,,,,,,,,,,,,,,,,,,"[169.0, 259.0]",,"[205.0, 323.0]","[30.0, 255.0]","[319.0, 341.0]",,,,,,,,,,,,,,,,,,,,,,,,,,,,,,,,,,,,,,,,,,,,,,,,,,,,,,,,,,,,,,,,,,,,,,,,,,,,,,
153,,,,,,,,,,,,,,,,,,,"[171.0, 256.0]",,"[206.0, 317.0]","[30.0, 254.0]","[321.0, 339.0]",,,,,,,,,,,,,,,,,,,,,,,,,,,,,,,,,,,,,,,,,,,,,,,,,,,,,,,,,,,,,,,,,,,,,,,,,,,,,,
154,,,,,,,,,,,,,,,,,,,"[173.0, 254.0]",,"[208.0, 312.0]","[28.0, 256.0]","[323.0, 337.0]",,,,,,,,,,,,,,,,,,,,,,,,,,,,,,,,,,,,,,,,,,,,,,,,,,,,,,,,,,,,,,,,,,,,,,,,,,,,,,
155,,,,,,,,,,,,,,,,,,,"[175.0, 251.0]",,"[210.0, 306.0]","[28.0, 256.0]","[324.0, 335.0]","[213.0, 354.0]","[258.0, 345.0]",,,,,,,,,,,,,,,,,,,,,,,,,,,,,,,,,,,,,,,,,,,,,,,,,,,,,,,,,,,,,,,,,,,,,,,,,,,,
156,,,,,,,,,,,,,,,,,,,"[176.0, 248.0]",,"[212.0, 303.0]","[26.0, 259.0]","[325.0, 334.0]","[214.0, 351.0]","[258.0, 342.0]",,,,,,,,,,,,,,,,,,,,,,,,,,,,,,,,,,,,,,,,,,,,,,,,,,,,,,,,,,,,,,,,,,,,,,,,,,,,
157,,,,,,,,,,,,,,,,,,,"[179.0, 245.0]",,"[214.0, 299.0]","[25.0, 260.0]","[326.0, 332.0]","[215.0, 348.0]","[258.0, 339.0]",,,,,,,,,,,,,,,,,,,,,,,,,,,,,,,,,,,,,,,,,,,,,,,,,,,,,,,,,,,,,,,,,,,,,,,,,,,,
158,,,,,,,,,,,,,,,,,,,"[180.0, 243.0]",,"[214.0, 296.0]","[24.0, 262.0]","[326.0, 331.0]","[216.0, 344.0]","[259.0, 334.0]",,,,,,,,,,,,,,,,,,,,,,,,,,,,,,,,,,,,,,,,,,,,,,,,,,,,,,,,,,,,,,,,,,,,,,,,,,,,
159,,,,,,,,,,,,,,,,,,,"[180.0, 241.0]",,"[216.0, 304.0]","[23.0, 264.0]","[327.0, 328.0]",,"[259.0, 332.0]",,,,,,,,,,,,,,,,,,,,,,,,,,,,,,,,,,,,,,,,,,,,,,,,,,,,,,,,,,,,,,,,,,,,,,,,,,,,
160,,,,,,,,,,,,,,,,,,,"[181.0, 239.0]",,"[217.0, 300.0]","[22.0, 266.0]","[327.0, 325.0]",,"[260.0, 326.0]",,,,,,,,,,,,,,,,,,,,,,,,,,,,,,,,,,,,,,,,,,,,,,,,,,,,,,,,,,,,,,,,,,,,,,,,,,,,
161,,,,,,,,,,,,,,,,,,,"[182.0, 237.0]",,"[218.0, 297.0]","[21.0, 267.0]","[328.0, 323.0]",,"[261.0, 322.0]",,,,,,,,,,,,,,,,,,,,,,,,,,,,,,,,,,,,,,,,,,,,,,,,,,,,,,,,,,,,,,,,,,,,,,,,,,,,
162,,,,,,,,,,,,,,,,,,,"[183.0, 235.0]",,"[219.0, 293.0]","[20.0, 269.0]","[329.0, 321.0]",,"[261.0, 316.0]",,,,,,,,,,,,,,,,,,,,,,,,,,,,,,,,,,,,,,,,,,,,,,,,,,,,,,,,,,,,,,,,,,,,,,,,,,,,
163,,,,,,,,,,,,,,,,,,,"[184.0, 235.0]",,"[221.0, 289.0]","[19.0, 271.0]","[330.0, 318.0]",,"[262.0, 312.0]",,,,,,,,,,,,,,,,,,,,,,,,,,,,,,,,,,,,,,,,,,,,,,,,,,,,,,,,,,,,,,,,,,,,,,,,,,,,
164,,,,,,,,,,,,,,,,,,,"[184.0, 233.0]",,"[221.0, 285.0]","[19.0, 272.0]","[329.0, 313.0]",,"[262.0, 309.0]",,,,,,,,,,,,,,,,,,,,,,,,,,,,,,,,,,,,,,,,,,,,,,,,,,,,,,,,,,,,,,,,,,,,,,,,,,,,
165,,,,,,,,,,,,,,,,,,,"[184.0, 231.0]",,"[223.0, 281.0]","[18.0, 274.0]","[329.0, 308.0]",,"[263.0, 303.0]",,,,,,,,,,,,,,,,,,,,,,,,,,,,,,,,,,,,,,,,,,,,,,,,,,,,,,,,,,,,,,,,,,,,,,,,,,,,
166,,,,,,,,,,,,,,,,,,,"[185.0, 229.0]",,"[224.0, 278.0]","[17.0, 276.0]","[329.0, 303.0]",,"[263.0, 301.0]",,,,,,,,,,,,,,,,,,,,,,,,,,,,,,,,,,,,,,,,,,,,,,,,,,,,,,,,,,,,,,,,,,,,,,,,,,,,
167,,,,,,,,,,,,,,,,,,,"[187.0, 228.0]",,"[225.0, 274.0]","[16.0, 277.0]","[329.0, 298.0]",,"[264.0, 297.0]",,,,,,,,,,,,,,,,,,,,,,,,,,,,,,,,,,,,,,,,,,,,,,,,,,,,,,,,,,,,,,,,,,,,,,,,,,,,
168,,,,,,,,,,,,,,,,,,,,,"[226.0, 271.0]","[14.0, 278.0]","[329.0, 293.0]",,"[264.0, 289.0]",,,,,,,,,,,,,,,,,,,,,,,,,,,,,,,,,,,,,,,,,,,,,,,,,,,,,,,,,,,,,,,,,,,,,,,,,,,,
169,,,,,,,,,,,,,,,,,,,,,"[227.0, 268.0]","[14.0, 281.0]","[328.0, 288.0]",,"[265.0, 287.0]",,,,,,,,,,,,,,,,,,,,,,,,,,,,,,,,,,,,,,,,,,,,,,,,,,,,,,,,,,,,,,,,,,,,,,,,,,,,
170,,,,,,,,,,,,,,,,,,,,,"[228.0, 265.0]","[14.0, 283.0]","[328.0, 284.0]",,"[265.0, 281.0]",,,,,,,,,,,,,,,,,,,,,,,,,,,,,,,,,,,,,,,,,,,,,,,,,,,,,,,,,,,,,,,,,,,,,,,,,,,,
171,,,,,,,,,,,,,,,,,,,,,"[229.0, 262.0]","[12.0, 285.0]","[327.0, 279.0]",,"[264.0, 277.0]",,,,,,,,,,,,,,,,,,,,,,,,,,,,,,,,,,,,,,,,,,,,,,,,,,,,,,,,,,,,,,,,,,,,,,,,,,,,
172,,,,,,,,,,,,,,,,,,,,,"[230.0, 259.0]","[12.0, 286.0]","[327.0, 275.0]",,"[265.0, 274.0]",,,,,,,,,,,,,,,,,,,,,,,,,,,,,,,,,,,,,,,,,,,,,,,,,,,,,,,,,,,,,,,,,,,,,,,,,,,,
173,,,,,,,,,,,,,,,,,,,,,"[231.0, 257.0]","[10.0, 289.0]","[327.0, 271.0]",,"[265.0, 271.0]",,,,,,,,,,,,,,,,,,,,,,,,,,,,,,,,,,,,,,,,,,,,,,,,,,,,,,,,,,,,,,,,,,,,,,,,,,,,
174,,,,,,,,,,,,,,,,,,,,,"[233.0, 253.0]","[9.0, 291.0]","[327.0, 266.0]",,"[266.0, 267.0]",,,,,,,,,,,,,,,,,,,,,,,,,,,,,,,,,,,,,,,,,,,,,,,,,,,,,,,,,,,,,,,,,,,,,,,,,,,,
175,,,,,,,,,,,,,,,,,,,,,"[234.0, 251.0]","[8.0, 293.0]","[326.0, 263.0]",,"[267.0, 266.0]",,,,,,,,,,,,,,,,,,,,,,,,,,,,,,,,,,,,,,,,,,,,,,,,,,,,,,,,,,,,,,,,,,,,,,,,,,,,
176,,,,,,,,,,,,,,,,,,,,,"[235.0, 248.0]","[6.0, 294.0]","[326.0, 259.0]",,"[267.0, 262.0]",,,,,,,,,,,,,,,,,,,,,,,,,,,,,,,,,,,,,,,,,,,,,,,,,,,,,,,,,,,,,,,,,,,,,,,,,,,,
177,,,,,,,,,,,,,,,,,,,,,"[243.0, 249.0]","[5.0, 297.0]","[326.0, 256.0]",,"[243.0, 249.0]",,,,,,,,,,,,,,,,,,,,,,,,,,,,,,,,,,,,,,,,,,,,,,,,,,,,,,,,,,,,,,,,,,,,,,,,,,,,
178,,,,,,,,,,,,,,,,,,,,,"[244.0, 247.0]",,"[326.0, 252.0]",,"[244.0, 247.0]",,,,,,,,,,,,,,,,,,,,,,,,,,,,,,,,,,,,,,,,,,,,,,,,,,,,,,,,,,,,,,,,,,,,,,,,,,,,
179,,,,,,,,,,,,,,,,,,,,,"[244.0, 244.0]",,"[326.0, 248.0]",,"[244.0, 244.0]",,,,,,,,,,,,,,,,,,,,,,,,,,,,,,,,,,,,,,,,,,,,,,,,,,,,,,,,,,,,,,,,,,,,,,,,,,,,
180,,,,,,,,,,,,,,,,,,,,,"[245.0, 241.0]",,"[326.0, 245.0]",,"[245.0, 241.0]",,,,,,,,,,,,,,,,,,,,,,,,,,,,,,,,,,,,,,,,,,,,,,,,,,,,,,,,,,,,,,,,,,,,,,,,,,,,
181,,,,,,,,,,,,,,,,,,,,,"[246.0, 239.0]",,"[325.0, 242.0]",,"[246.0, 239.0]",,,,,,,,,,,,,,,,,,,,,,,,,,,,,,,,,,,,,,,,,,,,,,,,,,,,,,,,,,,,,,,,,,,,,,,,,,,,
182,,,,,,,,,,,,,,,,,,,,,"[247.0, 237.0]",,"[325.0, 238.0]",,"[247.0, 237.0]",,,,,,,,,,,,,,,,,,,,,,,,,,,,,,,,,,,,,,,,,,,,,,,,,,,,,,,,,,,,,,,,,,,,,,,,,,,,
183,,,,,,,,,,,,,,,,,,,,,"[247.0, 234.0]",,"[325.0, 235.0]",,"[247.0, 234.0]",,,,,,,,,,,,,,,,,,,,,,,,,,,,,,,,,,,,,,,,,,,,,,,,,,,,,,,,,,,,,,,,,,,,,,,,,,,,
184,,,,,,,,,,,,,,,,,,,,,"[247.0, 232.0]",,"[325.0, 232.0]",,"[247.0, 232.0]",,,,,,,,,,,,,,,,,,,,,,,,,,,,,,,,,,,,,,,,,,,,,,,,,,,,,,,,,,,,,,,,,,,,,,,,,,,,
185,,,,,,,,,,,,,,,,,,,,,"[249.0, 230.0]",,"[325.0, 229.0]",,"[249.0, 230.0]",,,,,,,,,,,,,,,,,,,,,,,,,,,,,,,,,,,,,,,,,,,,,,,,,,,,,,,,,,,,,,,,,,,,,,,,,,,,
186,,,,,,,,,,,,,,,,,,,,,"[249.0, 228.0]",,,,"[249.0, 228.0]",,,,,,,,,,,,,,,,,,,,,,,,,,,,,,,,,,,,,,,,,,,,,,,,,,,,,,,,,,,,,,,,,,,,,,,,,,,,
187,,,,,,,,,,,,,,,,,,,,,"[249.0, 226.0]",,,,"[249.0, 226.0]",,,,,,,,,,,,,,,,,,,,,,,,,,,,,,,,,,,,,,,,,,,,,,,,,,,,,,,,,,,,,,,,,,,,,,,,,,,,
188,,,,,,,,,,,,,,,,,,,,,,,,,,,,,,,,,,,,,,,,,,,,,,,,,,,,,,,,,,,,,,,,,,,,,,,,,,,,,,,,,,,,,,,,,,,,,,,,,,,,,
189,,,,,,,,,,,,,,,,,,,,,,,,,,,,,,,,,,,,,,,,,,,,,,,,,,,,,,,,,,,,,,,,,,,,,,,,,,,,,,,,,,,,,,,,,,,,,,,,,,,,,
190,,,,,,,,,,,,,,,,,,,,,,,,,,"[91.0, 351.0]",,,,,,,,,,,,,,,,,,,,,,,,,,,,,,,,,,,,,,,,,,,,,,,,,,,,,,,,,,,,,,,,,,,,,,,,,,,
191,,,,,,,,,,,,,,,,,,,,,,,,,,"[103.0, 351.0]",,,,,,,,,,,,,,,,,,,,,,,,,,,,,,,,,,,,,,,,,,,,,,,,,,,,,,,,,,,,,,,,,,,,,,,,,,,
192,,,,,,,,,,,,,,,,,,,,,,,,,,"[105.0, 349.0]",,,,,,,,,,,,,,,,,,,,,,,,,,,,,,,,,,,,,,,,,,,,,,,,,,,,,,,,,,,,,,,,,,,,,,,,,,,
193,,,,,,,,,,,,,,,,,,,,,,,,,,"[111.0, 347.0]",,,,,,,,,,,,,,,,,,,,,,,,,,,,,,,,,,,,,,,,,,,,,,,,,,,,,,,,,,,,,,,,,,,,,,,,,,,
194,,,,,,,,,,,,,,,,,,,,,,,,,,"[115.0, 344.0]",,,,,,,,,,,,,,,,,,,,,,,,,,,,,,,,,,,,,,,,,,,,,,,,,,,,,,,,,,,,,,,,,,,,,,,,,,,
195,,,,,,,,,,,,,,,,,,,,,,,,,,"[114.0, 343.0]",,,,,,,,,,,,,,,,,,,,,,,,,,,,,,,,,,,,,,,,,,,,,,,,,,,,,,,,,,,,,,,,,,,,,,,,,,,
196,,,,,,,,,,,,,,,,,,,,,,,,,,"[114.0, 341.0]",,,,,,,,,,,,,,,,,,,,,,,,,,,,,,,,,,,,,,,,,,,,,,,,,,,,,,,,,,,,,,,,,,,,,,,,,,,
197,,,,,,,,,,,,,,,,,,,,,,,,,,"[119.0, 338.0]",,,,,,,,,,,,,,,,,,,,,,,,,,,,,,,,,,,,,,,,,,,,,,,,,,,,,,,,,,,,,,,,,,,,,,,,,,,
198,,,,,,,,,,,,,,,,,,,,,,,,,,"[123.0, 335.0]",,,,,,,,,,,,,,,,,,,,,,,,,,,,,,,,,,,,,,,,,,,,,,,,,,,,,,,,,,,,,,,,,,,,,,,,,,,
199,,,,,,,,,,,,,,,,,,,,,,,,,,"[126.0, 333.0]",,,,,,,,,,,,,,,,,,,,,,,,,,,,,,,,,,,,,,,,,,,,,,,,,,,,,,,,,,,,,,,,,,,,,,,,,,,
200,,,,,,,,,,,,,,,,,,,,,,,,,,"[125.0, 333.0]","[434.0, 353.0]",,,,,,,,,,,,,,,,,,,,,,,,,,,,,,,,,,,,,,,,,,,,,,,,,,,,,,,,,,,,,,,,,,,,,,,,,,
201,,,,,,,,,,,,,,,,,,,,,,,,,,"[128.0, 331.0]","[433.0, 348.0]",,,,,,,,,,,,,,,,,,,,,,,,,,,,,,,,,,,,,,,,,,,,,,,,,,,,,,,,,,,,,,,,,,,,,,,,,,
202,,,,,,,,,,,,,,,,,,,,,,,,,,"[130.0, 328.0]","[434.0, 342.0]",,,,,,,,,,,,,,,,,,,,,,,,,,,,,,,,,,,,,,,,,,,,,,,,,,,,,,,,,,,,,,,,,,,,,,,,,,
203,,,,,,,,,,,,,,,,,,,,,,,,,,"[131.0, 327.0]","[426.0, 343.0]",,,,,,,,,,,,,,,,,,,,,,,,,,,,,,,,,,,,,,,,,,,,,,,,,,,,,,,,,,,,,,,,,,,,,,,,,,
204,,,,,,,,,,,,,,,,,,,,,,,,,,"[132.0, 324.0]","[422.0, 341.0]",,,,,,,,,,,,,,,,,,,,,,,,,,,,,,,,,,,,,,,,,,,,,,,,,,,,,,,,,,,,,,,,,,,,,,,,,,
205,,,,,,,,,,,,,,,,,,,,,,,,,,"[134.0, 323.0]","[421.0, 337.0]",,,,,,,,,,,,,,,,,,,,,,,,,,,,,,,,,,,,,,,,,,,,,,,,,,,,,,,,,,,,,,,,,,,,,,,,,,
206,,,,,,,,,,,,,,,,,,,,,,,,,,"[136.0, 319.0]","[418.0, 329.0]",,,,,,,,,,,,,,,,,,,,,,,,,,,,,,,,,,,,,,,,,,,,,,,,,,,,,,,,,,,,,,,,,,,,,,,,,,
207,,,,,,,,,,,,,,,,,,,,,,,,,,"[138.0, 316.0]","[416.0, 320.0]",,,,,,,,,,,,,,,,,,,,,,,,,,,,,,,,,,,,,,,,,,,,,,,,,,,,,,,,,,,,,,,,,,,,,,,,,,
208,,,,,,,,,,,,,,,,,,,,,,,,,,"[140.0, 311.0]","[414.0, 313.0]",,,,,,,,,,,,,,,,,,,,,,,,,,,,,,,,,,,,,,,,,,,,,,,,,,,,,,,,,,,,,,,,,,,,,,,,,,
209,,,,,,,,,,,,,,,,,,,,,,,,,,"[142.0, 308.0]","[411.0, 306.0]",,,,,,,,,,,,,,,,,,,,,,,,,,,,,,,,,,,,,,,,,,,,,,,,,,,,,,,,,,,,,,,,,,,,,,,,,,
210,,,,,,,,,,,,,,,,,,,,,,,,,,"[144.0, 304.0]","[410.0, 298.0]",,,,,,,,,,,,,,,,,,,,,,,,,,,,,,,,,,,,,,,,,,,,,,,,,,,,,,,,,,,,,,,,,,,,,,,,,,
211,,,,,,,,,,,,,,,,,,,,,,,,,,"[145.0, 300.0]","[408.0, 291.0]",,,,,,,,,,,,,,,,,,,,,,,,,,,,,,,,,,,,,,,,,,,,,,,,,,,,,,,,,,,,,,,,,,,,,,,,,,
212,,,,,,,,,,,,,,,,,,,,,,,,,,"[148.0, 296.0]","[406.0, 285.0]","[325.0, 347.0]",,,,,,,,,,,,,,,,,,,,,,,,,,,,,,,,,,,,,,,,,,,,,,,,,,,,,,,,,,,,,,,,,,,,,,,,,
213,,,,,,,,,,,,,,,,,,,,,,,,,,"[149.0, 293.0]","[404.0, 279.0]","[326.0, 345.0]",,,,,,,,,,,,,,,,,,,,,,,,,,,,,,,,,,,,,,,,,,,,,,,,,,,,,,,,,,,,,,,,,,,,,,,,,
214,,,,,,,,,,,,,,,,,,,,,,,,,,"[151.0, 290.0]","[403.0, 273.0]","[327.0, 341.0]",,,,,,,,,,,,,,,,,,,,,,,,,,,,,,,,,,,,,,,,,,,,,,,,,,,,,,,,,,,,,,,,,,,,,,,,,
215,,,,,,,,,,,,,,,,,,,,,,,,,,"[153.0, 286.0]","[401.0, 267.0]","[327.0, 339.0]",,,,,,,,,,,,,,,,,,,,,,,,,,,,,,,,,,,,,,,,,,,,,,,,,,,,,,,,,,,,,,,,,,,,,,,,,
216,,,,,,,,,,,,,,,,,,,,,,,,,,"[154.0, 283.0]","[399.0, 263.0]","[323.0, 339.0]",,,,,,,,,,,,,,,,,,,,,,,,,,,,,,,,,,,,,,,,,,,,,,,,,,,,,,,,,,,,,,,,,,,,,,,,,
217,,,,,,,,,,,,,,,,,,,,,,,,,,"[156.0, 280.0]","[398.0, 258.0]","[321.0, 338.0]",,,,,,,,,,,,,,,,,,,,,,,,,,,,,,,,,,,,,,,,,,,,,,,,,,,,,,,,,,,,,,,,,,,,,,,,,
218,,,,,,,,,,,,,,,,,,,,,,,,,,"[158.0, 277.0]","[396.0, 252.0]","[320.0, 336.0]",,,,,,,,,,,,,,,,,,,,,,,,,,,,,,,,,,,,,,,,,,,,,,,,,,,,,,,,,,,,,,,,,,,,,,,,,
219,,,,,,,,,,,,,,,,,,,,,,,,,,"[159.0, 274.0]","[394.0, 247.0]","[317.0, 332.0]","[198.0, 354.0]",,,,,,,,,,,,,,,,,,,,,,,,,,,,,,,,,,,,,,,,,,,,,,,,,,,,,,,,,,,,,,,,,,,,,,,,
220,,,,,,,,,,,,,,,,,,,,,,,,,,"[160.0, 271.0]","[393.0, 242.0]","[318.0, 329.0]","[200.0, 348.0]",,,,,,,,,,,,,,,,,,,,,,,,,,,,,,,,,,,,,,,,,,,,,,,,,,,,,,,,,,,,,,,,,,,,,,,,
221,,,,,,,,,,,,,,,,,,,,,,,,,,"[162.0, 268.0]","[392.0, 238.0]","[319.0, 324.0]","[204.0, 344.0]",,,,,,,,,,,,,,,,,,,,,,,,,,,,,,,,,,,,,,,,,,,,,,,,,,,,,,,,,,,,,,,,,,,,,,,,
222,,,,,,,,,,,,,,,,,,,,,,,,,,"[164.0, 266.0]","[390.0, 234.0]","[318.0, 319.0]","[205.0, 339.0]",,,,,,,,,,,,,,,,,,,,,,,,,,,,,,,,,,,,,,,,,,,,,,,,,,,,,,,,,,,,,,,,,,,,,,,,
223,,,,,,,,,,,,,,,,,,,,,,,,,,"[165.0, 262.0]","[390.0, 230.0]","[318.0, 313.0]","[198.0, 343.0]",,,,,,,,,,,,,,,,,,,,,,,,,,,,,,,,,,,,,,,,,,,,,,,,,,,,,,,,,,,,,,,,,,,,,,,,
224,,,,,,,,,,,,,,,,,,,,,,,,,,"[167.0, 260.0]","[390.0, 226.0]","[318.0, 308.0]","[191.0, 350.0]","[208.0, 329.0]",,,,,,,,,,,,,,,,,,,,,,,,,,,,,,,,,,,,,,,,,,,,,,,,,,,,,,,,,,,,,,,,,,,,,,,
225,,,,,,,,,,,,,,,,,,,,,,,,,,"[168.0, 257.0]",,"[318.0, 303.0]","[190.0, 348.0]","[190.0, 348.0]",,,,,,,,,,,,,,,,,,,,,,,,,,,,,,,,,,,,,,,,,,,,,,,,,,,,,,,,,,,,,,,,,,,,,,,
226,,,,,,,,,,,,,,,,,,,,,,,,,,"[169.0, 254.0]",,"[318.0, 297.0]","[190.0, 344.0]","[190.0, 344.0]",,,,,,,,,,,,,,,,,,,,,,,,,,,,,,,,,,,,,,,,,,,,,,,,,,,,,,,,,,,,,,,,,,,,,,,
227,,,,,,,,,,,,,,,,,,,,,,,,,,"[171.0, 253.0]",,"[317.0, 293.0]","[192.0, 341.0]","[192.0, 341.0]",,,,,,,,,,,,,,,,,,,,,,,,,,,,,,,,,,,,,,,,,,,,,,,,,,,,,,,,,,,,,,,,,,,,,,,
228,,,,,,,,,,,,,,,,,,,,,,,,,,"[172.0, 250.0]",,"[317.0, 288.0]","[194.0, 338.0]","[194.0, 338.0]",,,,,,,,,,,,,,,,,,,,,,,,,,,,,,,,,,,,,,,,,,,,,,,,,,,,,,,,,,,,,,,,,,,,,,,
229,,,,,,,,,,,,,,,,,,,,,,,,,,"[175.0, 247.0]",,"[317.0, 283.0]","[193.0, 337.0]","[193.0, 337.0]",,,,,,,,,,,,,,,,,,,,,,,,,,,,,,,,,,,,,,,,,,,,,,,,,,,,,,,,,,,,,,,,,,,,,,,
230,,,,,,,,,,,,,,,,,,,,,,,,,,"[175.0, 245.0]",,"[317.0, 279.0]","[194.0, 336.0]","[194.0, 336.0]",,,,,,,,,,,,,,,,,,,,,,,,,,,,,,,,,,,,,,,,,,,,,,,,,,,,,,,,,,,,,,,,,,,,,,,
231,,,,,,,,,,,,,,,,,,,,,,,,,,"[177.0, 243.0]",,"[316.0, 274.0]","[191.0, 335.0]","[191.0, 335.0]",,,,,,,,,,,,,,,,,,,,,,,,,,,,,,,,,,,,,,,,,,,,,,,,,,,,,,,,,,,,,,,,,,,,,,,
232,,,,,,,,,,,,,,,,,,,,,,,,,,"[177.0, 241.0]",,"[317.0, 270.0]","[195.0, 330.0]","[195.0, 330.0]",,,,,,,,,,,,,,,,,,,,,,,,,,,,,,,,,,,,,,,,,,,,,,,,,,,,,,,,,,,,,,,,,,,,,,,
233,,,,,,,,,,,,,,,,,,,,,,,,,,"[178.0, 240.0]",,"[317.0, 266.0]","[199.0, 331.0]","[199.0, 331.0]",,,,,,,,,,,,,,,,,,,,,,,,,,,,,,,,,,,,,,,,,,,,,,,,,,,,,,,,,,,,,,,,,,,,,,,
234,,,,,,,,,,,,,,,,,,,,,,,,,,"[178.0, 239.0]",,"[316.0, 262.0]","[199.0, 318.0]","[199.0, 318.0]","[102.0, 354.0]","[211.0, 351.0]",,,,,,,,,,,,,,,,,,,,,,,,,,,,,,,,,,,,,,,,,,,,,,,,,,,,,,,,,,,,,,,,,,,,,
235,,,,,,,,,,,,,,,,,,,,,,,,,,"[180.0, 237.0]",,"[316.0, 258.0]","[206.0, 308.0]","[206.0, 308.0]","[103.0, 352.0]","[214.0, 348.0]",,,,,,,,,,,,,,,,,,,,,,,,,,,,,,,,,,,,,,,,,,,,,,,,,,,,,,,,,,,,,,,,,,,,,
236,,,,,,,,,,,,,,,,,,,,,,,,,,"[180.0, 236.0]",,"[316.0, 254.0]","[206.0, 303.0]","[206.0, 303.0]","[105.0, 350.0]","[215.0, 344.0]",,,,,,,,,,,,,,,,,,,,,,,,,,,,,,,,,,,,,,,,,,,,,,,,,,,,,,,,,,,,,,,,,,,,,
237,,,,,,,,,,,,,,,,,,,,,,,,,,"[181.0, 237.0]",,"[316.0, 250.0]","[209.0, 310.0]","[209.0, 310.0]","[107.0, 348.0]",,,,,,,,,,,,,,,,,,,,,,,,,,,,,,,,,,,,,,,,,,,,,,,,,,,,,,,,,,,,,,,,,,,,,,
238,,,,,,,,,,,,,,,,,,,,,,,,,,"[181.0, 236.0]",,"[314.0, 246.0]","[212.0, 308.0]","[212.0, 308.0]","[107.0, 345.0]",,,,,,,,,,,,,,,,,,,,,,,,,,,,,,,,,,,,,,,,,,,,,,,,,,,,,,,,,,,,,,,,,,,,,,
239,,,,,,,,,,,,,,,,,,,,,,,,,,"[182.0, 235.0]",,"[313.0, 242.0]","[213.0, 303.0]","[213.0, 303.0]","[109.0, 344.0]",,,,,,,,,,,,,,,,,,,,,,,,,,,,,,,,,,,,,,,,,,,,,,,,,,,,,,,,,,,,,,,,,,,,,,
240,,,,,,,,,,,,,,,,,,,,,,,,,,"[181.0, 233.0]",,"[316.0, 240.0]","[215.0, 299.0]","[215.0, 299.0]","[113.0, 343.0]",,,,,,,,,,,,,,,,,,,,,,,,,,,,,,,,,,,,,,,,,,,,,,,,,,,,,,,,,,,,,,,,,,,,,,
241,,,,,,,,,,,,,,,,,,,,,,,,,,"[182.0, 231.0]",,"[315.0, 237.0]","[215.0, 295.0]","[215.0, 295.0]","[115.0, 341.0]",,,,,,,,,,,,,,,,,,,,,,,,,,,,,,,,,,,,,,,,,,,,,,,,,,,,,,,,,,,,,,,,,,,,,,
242,,,,,,,,,,,,,,,,,,,,,,,,,,"[182.0, 229.0]",,"[315.0, 235.0]","[217.0, 291.0]","[217.0, 291.0]","[117.0, 339.0]",,,,,,,,,,,,,,,,,,,,,,,,,,,,,,,,,,,,,,,,,,,,,,,,,,,,,,,,,,,,,,,,,,,,,,
243,,,,,,,,,,,,,,,,,,,,,,,,,,"[181.0, 228.0]",,"[315.0, 231.0]","[218.0, 288.0]","[218.0, 288.0]","[118.0, 338.0]",,"[248.0, 281.0]",,,,,,,,,,,,,,,,,,,,,,,,,,,,,,,,,,,,,,,,,,,,,,,,,,,,,,,,,,,,,,,,,,,,
244,,,,,,,,,,,,,,,,,,,,,,,,,,,,"[315.0, 228.0]","[220.0, 284.0]","[220.0, 284.0]","[120.0, 336.0]",,"[248.0, 279.0]",,,,,,,,,,,,,,,,,,,,,,,,,,,,,,,,,,,,,,,,,,,,,,,,,,,,,,,,,,,,,,,,,,,,
245,,,,,,,,,,,,,,,,,,,,,,,,,,,,,"[222.0, 281.0]","[222.0, 281.0]","[121.0, 334.0]",,"[249.0, 276.0]",,,,,,,,,,,,,,,,,,,,,,,,,,,,,,,,,,,,,,,,,,,,,,,,,,,,,,,,,,,,,,,,,,,,
246,,,,,,,,,,,,,,,,,,,,,,,,,,,,,"[227.0, 277.0]","[227.0, 277.0]","[123.0, 332.0]",,"[227.0, 277.0]",,,,,,,,,,,,,,,,,,,,,,,,,,,,,,,,,,,,,,,,,,,,,,,,,,,,,,,,,,,,,,,,,,,,
247,,,,,,,,,,,,,,,,,,,,,,,,,,,,,"[228.0, 272.0]","[228.0, 272.0]","[125.0, 330.0]",,"[228.0, 272.0]",,,,,,,,,,,,,,,,,,,,,,,,,,,,,,,,,,,,,,,,,,,,,,,,,,,,,,,,,,,,,,,,,,,,
248,,,,,,,,,,,,,,,,,,,,,,,,,,,,,"[229.0, 270.0]","[229.0, 270.0]","[126.0, 329.0]",,"[229.0, 270.0]",,,,,,,,,,,,,,,,,,,,,,,,,,,,,,,,,,,,,,,,,,,,,,,,,,,,,,,,,,,,,,,,,,,,
249,,,,,,,,,,,,,,,,,,,,,,,,,,,,,"[229.0, 268.0]","[229.0, 268.0]","[129.0, 327.0]",,"[229.0, 268.0]",,,,,,,,,,,,,,,,,,,,,,,,,,,,,,,,,,,,,,,,,,,,,,,,,,,,,,,,,,,,,,,,,,,,
250,,,,,,,,,,,,,,,,,,,,,,,,,,,,,"[231.0, 265.0]","[231.0, 265.0]","[131.0, 325.0]",,"[231.0, 265.0]",,,,,,,,,,,,,,,,,,,,,,,,,,,,,,,,,,,,,,,,,,,,,,,,,,,,,,,,,,,,,,,,,,,,
251,,,,,,,,,,,,,,,,,,,,,,,,,,,,,"[232.0, 261.0]","[232.0, 261.0]","[133.0, 322.0]",,"[232.0, 261.0]",,,,,,,,,,,,,,,,,,,,,,,,,,,,,,,,,,,,,,,,,,,,,,,,,,,,,,,,,,,,,,,,,,,,
252,,,,,,,,,,,,,,,,,,,,,,,,,,,,,"[232.0, 258.0]","[232.0, 258.0]","[135.0, 320.0]",,"[232.0, 258.0]",,,,,,,,,,,,,,,,,,,,,,,,,,,,,,,,,,,,,,,,,,,,,,,,,,,,,,,,,,,,,,,,,,,,
253,,,,,,,,,,,,,,,,,,,,,,,,,,,,,"[233.0, 256.0]","[233.0, 256.0]","[137.0, 318.0]",,"[233.0, 256.0]",,,,,,,,,,,,,,,,,,,,,,,,,,,,,,,,,,,,,,,,,,,,,,,,,,,,,,,,,,,,,,,,,,,,
254,,,,,,,,,,,,,,,,,,,,,,,,,,,,,"[235.0, 253.0]","[235.0, 253.0]","[139.0, 315.0]",,"[235.0, 253.0]",,,,,,,,,,,,,,,,,,,,,,,,,,,,,,,,,,,,,,,,,,,,,,,,,,,,,,,,,,,,,,,,,,,,
255,,,,,,,,,,,,,,,,,,,,,,,,,,,,,"[236.0, 250.0]","[236.0, 250.0]","[140.0, 312.0]",,"[236.0, 250.0]",,,,,,,,,,,,,,,,,,,,,,,,,,,,,,,,,,,,,,,,,,,,,,,,,,,,,,,,,,,,,,,,,,,,
256,,,,,,,,,,,,,,,,,,,,,,,,,,,,,"[236.0, 247.0]","[236.0, 247.0]","[143.0, 308.0]",,"[236.0, 247.0]",,,,,,,,,,,,,,,,,,,,,,,,,,,,,,,,,,,,,,,,,,,,,,,,,,,,,,,,,,,,,,,,,,,,
257,,,,,,,,,,,,,,,,,,,,,,,,,,,,,"[238.0, 245.0]","[238.0, 245.0]","[144.0, 304.0]",,"[238.0, 245.0]","[40.0, 332.0]",,,,,,,,,,,,,,,,,,,,,,,,,,,,,,,,,,,,,,,,,,,,,,,,,,,,,,,,,,,,,,,,,,,
258,,,,,,,,,,,,,,,,,,,,,,,,,,,,,"[238.0, 242.0]","[238.0, 242.0]","[146.0, 301.0]",,"[238.0, 242.0]",,,,,,,,,,,,,,,,,,,,,,,,,,,,,,,,,,,,,,,,,,,,,,,,,,,,,,,,,,,,,,,,,,,,
259,,,,,,,,,,,,,,,,,,,,,,,,,,,,,"[239.0, 240.0]","[239.0, 240.0]","[148.0, 297.0]",,"[239.0, 240.0]",,,,,,,,,,,,,,,,,,,,,,,,,,,,,,,,,,,,,,,,,,,,,,,,,,,,,,,,,,,,,,,,,,,,
260,,,,,,,,,,,,,,,,,,,,,,,,,,,,,"[240.0, 238.0]","[240.0, 238.0]","[150.0, 294.0]",,"[240.0, 238.0]",,,,,,,,,,,,,,,,,,,,,,,,,,,,,,,,,,,,,,,,,,,,,,,,,,,,,,,,,,,,,,,,,,,,
261,,,,,,,,,,,,,,,,,,,,,,,,,,,,,"[240.0, 235.0]","[240.0, 235.0]","[152.0, 291.0]",,"[240.0, 235.0]",,,,,,,,,,,,,,,,,,,,,,,,,,,,,,,,,,,,,,,,,,,,,,,,,,,,,,,,,,,,,,,,,,,,
262,,,,,,,,,,,,,,,,,,,,,,,,,,,,,"[243.0, 232.0]","[243.0, 232.0]","[154.0, 287.0]",,"[243.0, 232.0]",,,,,,,,,,,,,,,,,,,,,,,,,,,,,,,,,,,,,,,,,,,,,,,,,,,,,,,,,,,,,,,,,,,,
263,,,,,,,,,,,,,,,,,,,,,,,,,,,,,"[243.0, 230.0]","[243.0, 230.0]","[155.0, 284.0]",,"[243.0, 230.0]",,,,,,,,,,,,,,,,,,,,,,,,,,,,,,,,,,,,,,,,,,,,,,,,,,,,,,,,,,,,,,,,,,,,
264,,,,,,,,,,,,,,,,,,,,,,,,,,,,,"[244.0, 228.0]","[244.0, 228.0]","[156.0, 281.0]",,"[244.0, 228.0]",,,,,,,,,,,,,,,,,,,,,,,,,,,,,,,,,,,,,,,,,,,,,,,,,,,,,,,,,,,,,,,,,,,,
265,,,,,,,,,,,,,,,,,,,,,,,,,,,,,"[244.0, 226.0]","[244.0, 226.0]","[158.0, 278.0]",,"[244.0, 226.0]",,,,,,,,,,,,,,,,,,,,,,,,,,,,,,,,,,,,,,,,,,,,,,,,,,,,,,,,,,,,,,,,,,,,
266,,,,,,,,,,,,,,,,,,,,,,,,,,,,,,,"[160.0, 274.0]",,,,,,,,,,,,,,,,,,,,,,,,,,,,,,,,,,,,,,,,,,,,,,,,,,,,,,,,,,,,,,,,,,,,,,
267,,,,,,,,,,,,,,,,,,,,,,,,,,,,,,,"[161.0, 272.0]",,,,,,,,,,,,,,,,,,,,,,,,,,,,,,,,,,,,,,,,,,,,,,,,,,,,,,,,,,,,,,,,,,,,,,
268,,,,,,,,,,,,,,,,,,,,,,,,,,,,,,,"[162.0, 269.0]",,,,,,,,,,,,,,,,,,,,,,,,,,,,,,,,,,,,,,,,,,,,,,,,,,,,,,,,,,,,,,,,,,,,,,
269,,,,,,,,,,,,,,,,,,,,,,,,,,,,,,,"[164.0, 266.0]",,,,,,,,,,,,,,,,,,,,,,,,,,,,,,,,,,,,,,,,,,,,,,,,,,,,,,,,,,,,,,,,,,,,,,
270,,,,,,,,,,,,,,,,,,,,,,,,,,,,,,,"[166.0, 263.0]",,,,,,,,,,,,,,,,,,,,,,,,,,,,,,,,,,,,,,,,,,,,,,,,,,,,,,,,,,,,,,,,,,,,,,
271,,,,,,,,,,,,,,,,,,,,,,,,,,,,,,,"[167.0, 261.0]",,,,,,,,,,,,,,,,,,,,,,,,,,,,,,,,,,,,,,,,,,,,,,,,,,,,,,,,,,,,,,,,,,,,,,
272,,,,,,,,,,,,,,,,,,,,,,,,,,,,,,,"[169.0, 258.0]",,,,,,,,,,,,,,,,,,,,,,,,,,,,,,,,,,,,,,,,,,,,,,,,,,,,,,,,,,,,,,,,,,,,,,
273,,,,,,,,,,,,,,,,,,,,,,,,,,,,,,,"[170.0, 256.0]",,,,,,,,,,,,,,,,,,,,,,,,,,,,,,,,,,,,,,,,,,,,,,,,,,,,,,,,,,,,,,,,,,,,,,
274,,,,,,,,,,,,,,,,,,,,,,,,,,,,,,,"[172.0, 253.0]",,,,,,,,,,,,,,,,,,,,,,,,,,,,,,,,,,,,,,,,,,,,,,,,,,,,,,,,,,,,,,,,,,,,,,
275,,,,,,,,,,,,,,,,,,,,,,,,,,,,,,,"[173.0, 251.0]",,,,,,,,,,,,,,,,,,,,,,,,,,,,,,,,,,,,,,,,,,,,,,,,,,,,,,,,,,,,,,,,,,,,,,
276,,,,,,,,,,,,,,,,,,,,,,,,,,,,,,,"[173.0, 248.0]",,,,,,,,,,,,,,,,,,,,,,,,,,,,,,,,,,,,,,,,,,,,,,,,,,,,,,,,,,,,,,,,,,,,,,
277,,,,,,,,,,,,,,,,,,,,,,,,,,,,,,,"[175.0, 246.0]",,,,,,,,,,,,,,,,,,,,,,,,,,,,,,,,,,,,,,,,,,,,,,,,,,,,,,,,,,,,,,,,,,,,,,
278,,,,,,,,,,,,,,,,,,,,,,,,,,,,,,,"[177.0, 243.0]",,,,,,,,,,,,,,,,,,,,,,,,,,,,,,,,,,,,,,,,,,,,,,,,,,,,,,,,,,,,,,,,,,,,,,
279,,,,,,,,,,,,,,,,,,,,,,,,,,,,,,,"[178.0, 241.0]",,,,,,,,,,,,,,,,,,,,,,,,,,,,,,,,,,,,,,,,,,,,,,,,,,,,,,,,,,,,,,,,,,,,,,
280,,,,,,,,,,,,,,,,,,,,,,,,,,,,,,,"[179.0, 238.0]",,,,,,,,,,,,,,,,,,,,,,,,,,,,,,,,,,,,,,,,,,,,,,,,,,,,,,,,,,,,,,,,,,,,,,
281,,,,,,,,,,,,,,,,,,,,,,,,,,,,,,,"[180.0, 237.0]",,,,,,,,,,,,,,,,,,,,,,,,,,,,,,,,,,,,,,,,,,,,,,,,,,,,,,,,,,,,,,,,,,,,,,
282,,,,,,,,,,,,,,,,,,,,,,,,,,,,,,,"[180.0, 236.0]",,,,,,,,,,,,,,,,,,,,,,,,,,,,,,,,,,,,,,,,,,,,,,,,,,,,,,,,,,,,,,,,,,,,,,
283,,,,,,,,,,,,,,,,,,,,,,,,,,,,,,,"[180.0, 233.0]",,,,,,,,,,,,,,,,,,,,,,,,,,,,,,,,,,,,,,,,,,,,,,,,,,,,,,,,,,,,,,,,,,,,,,
284,,,,,,,,,,,,,,,,,,,,,,,,,,,,,,,"[181.0, 231.0]",,,,"[399.0, 353.0]",,,,,,,,,,,,,,,,,,,,,,,,,,,,,,,,,,,,,,,,,,,,,,,,,,,,,,,,,,,,,,,,,,
285,,,,,,,,,,,,,,,,,,,,,,,,,,,,,,,"[183.0, 229.0]",,,,"[399.0, 349.0]",,,,,,,,,,,,,,,,,,,,,,,,,,,,,,,,,,,,,,,,,,,,,,,,,,,,,,,,,,,,,,,,,,
286,,,,,,,,,,,,,,,,,,,,,,,,,,,,,,,"[183.0, 227.0]",,,,"[399.0, 346.0]",,,,,,,,,,,,,,,,,,,,,,,,,,,,,,,,,,,,,,,,,,,,,,,,,,,,,,,,,,,,,,,,,,
287,,,,,,,,,,,,,,,,,,,,,,,,,,,,,,,,,,,"[398.0, 343.0]",,,,,,,,,,,,,,,,,,,,,,,,,,,,,,,,,,,,,,,,,,,,,,,,,,,,,,,,,,,,,,,,,,
288,,,,,,,,,,,,,,,,,,,,,,,,,,,,,,,,,,,"[398.0, 339.0]",,,,,,,,,,,,,,,,,,,,,,,,,,,,,,,,,,,,,,,,,,,,,,,,,,,,,,,,,,,,,,,,,,
289,,,,,,,,,,,,,,,,,,,,,,,,,,,,,,,,,,,"[396.0, 338.0]",,,,,,,,,,,,,,,,,,,,,,,,,,,,,,,,,,,,,,,,,,,,,,,,,,,,,,,,,,,,,,,,,,
290,,,,,,,,,,,,,,,,,,,,,,,,,,,,,,,,,,,"[395.0, 334.0]",,,,,,,,,,,,,,,,,,,,,,,,,,,,,,,,,,,,,,,,,,,,,,,,,,,,,,,,,,,,,,,,,,
291,,,,,,,,,,,,,,,,,,,,,,,,,,,,,,,,,,,"[396.0, 332.0]","[201.0, 230.0]",,,,,,,,,,,,,,,,,,,,,,,,,,,,,,,,,,,,,,,,,,,,,,,,,,,,,,,,,,,,,,,,,
292,,,,,,,,,,,,,,,,,,,,,,,,,,,,,,,,,,,"[396.0, 329.0]","[204.0, 227.0]","[131.0, 349.0]",,,,,,,,,,,,,,,,,,,,,,,,,,,,,,,,,,,,,,,,,,,,,,,,,,,,,,,,,,,,,,,,
293,,,,,,,,,,,,,,,,,,,,,,,,,,,,,,,,,,,"[395.0, 326.0]",,"[134.0, 348.0]",,,,,,,,,,,,,,,,,,,,,,,,,,,,,,,,,,,,,,,,,,,,,,,,,,,,,,,,,,,,,,,,
294,,,,,,,,,,,,,,,,,,,,,,,,,,,,,,,,,,,"[395.0, 321.0]",,"[134.0, 346.0]",,,,,,,,,,,,,,,,,,,,,,,,,,,,,,,,,,,,,,,,,,,,,,,,,,,,,,,,,,,,,,,,
295,,,,,,,,,,,,,,,,,,,,,,,,,,,,,,,,,,,"[396.0, 321.0]",,"[138.0, 342.0]","[93.0, 350.0]",,,,,,,,,,,,,,,,,,,,,,,,,,,,,,,,,,,,,,,,,,,,,,,,,,,,,,,,,,,,,,,
296,,,,,,,,,,,,,,,,,,,,,,,,,,,,,,,,,,,"[395.0, 318.0]",,"[140.0, 340.0]","[94.0, 348.0]",,,,,,,,,,,,,,,,,,,,,,,,,,,,,,,,,,,,,,,,,,,,,,,,,,,,,,,,,,,,,,,
297,,,,,,,,,,,,,,,,,,,,,,,,,,,,,,,,,,,"[394.0, 312.0]",,"[127.0, 341.0]",,,,,,,,,,,,,,,,,,,,,,,,,,,,,,,,,,,,,,,,,,,,,,,,,,,,,,,,,,,,,,,,
298,,,,,,,,,,,,,,,,,,,,,,,,,,,,,,,,,,,"[393.0, 306.0]",,"[143.0, 337.0]",,"[103.0, 342.0]",,,,,,,,,,,,,,,,,,,,,,,,,,,,,,,,,,,,,,,,,,,,,,,,,,,,,,,,,,,,,,
299,,,,,,,,,,,,,,,,,,,,,,,,,,,,,,,,,,,"[391.0, 300.0]",,"[145.0, 335.0]",,"[102.0, 344.0]",,,,,,,,,,,,,,,,,,,,,,,,,,,,,,,,,,,,,,,,,,,,,,,,,,,,,,,,,,,,,,
300,,,,,,,,,,,,,,,,,,,,,,,,,,,,,,,,,,,"[390.0, 295.0]",,"[141.0, 333.0]",,"[99.0, 353.0]",,,,,,,,,,,,,,,,,,,,,,,,,,,,,,,,,,,,,,,,,,,,,,,,,,,,,,,,,,,,,,
301,,,,,,,,,,,,,,,,,,,,,,,,,,,,,,,,,,,"[389.0, 289.0]",,"[138.0, 328.0]",,"[99.0, 351.0]",,,,,,,,,,,,,,,,,,,,,,,,,,,,,,,,,,,,,,,,,,,,,,,,,,,,,,,,,,,,,,
302,,,,,,,,,,,,,,,,,,,,,,,,,,,,,,,,,,,"[387.0, 284.0]",,"[145.0, 327.0]",,"[100.0, 348.0]","[307.0, 352.0]",,,,,,,,,,,,,,,,,,,,,,,,,,,,,,,,,,,,,,,,,,,,,,,,,,,,,,,,,,,,,
303,,,,,,,,,,,,,,,,,,,,,,,,,,,,,,,,,,,"[386.0, 279.0]",,"[154.0, 323.0]",,"[101.0, 346.0]","[307.0, 348.0]","[128.0, 328.0]",,,,,,,,,,,,,,,,,,,,,,,,,,,,,,,,,,,,,,,,,,,,,,,,,,,,,,,,,,,,
304,,,,,,,,,,,,,,,,,,,,,,,,,,,,,,,,,,,"[385.0, 274.0]",,"[150.0, 321.0]",,"[105.0, 345.0]","[306.0, 344.0]","[150.0, 321.0]",,,,,,,,,,,,,,,,,,,,,,,,,,,,,,,,,,,,,,,,,,,,,,,,,,,,,,,,,,,,
305,,,,,,,,,,,,,,,,,,,,,,,,,,,,,,,,,,,"[383.0, 269.0]",,"[152.0, 320.0]",,"[106.0, 339.0]","[306.0, 339.0]","[152.0, 320.0]",,,,,,,,,,,,,,,,,,,,,,,,,,,,,,,,,,,,,,,,,,,,,,,,,,,,,,,,,,,,
306,,,,,,,,,,,,,,,,,,,,,,,,,,,,,,,,,,,"[382.0, 264.0]",,"[153.0, 316.0]",,"[108.0, 335.0]","[306.0, 336.0]","[153.0, 316.0]","[38.0, 233.0]",,,,,,,,,,,,,,,,,,,,,,,,,,,,,,,,,,,,,,,,,,,,,,,,,,,,,,,,,,,
307,,,,,,,,,,,,,,,,,,,,,,,,,,,,,,,,,,,"[381.0, 258.0]",,"[156.0, 315.0]",,"[111.0, 332.0]","[307.0, 332.0]","[156.0, 315.0]","[38.0, 235.0]",,,,,,,,,,,,,,,,,,,,,,,,,,,,,,,,,,,,,,,,,,,,,,,,,,,,,,,,,,,
308,,,,,,,,,,,,,,,,,,,,,,,,,,,,,,,,,,,"[380.0, 255.0]",,"[163.0, 310.0]",,"[113.0, 329.0]","[308.0, 329.0]","[163.0, 310.0]",,"[138.0, 306.0]",,,,,,,,,,,,,,,,,,,,,,,,,,,,,,,,,,,,,,,,,,,,,,,,,,,,,,,,,,
309,,,,,,,,,,,,,,,,,,,,,,,,,,,,,,,,,,,"[379.0, 251.0]",,"[164.0, 307.0]",,"[115.0, 325.0]","[309.0, 326.0]","[164.0, 307.0]",,,"[194.0, 353.0]",,,,,,,,,,,,,,,,,,,,,,,,,,,,,,,,,,,,,,,,,,,,,,,,,,,,,,,,,
310,,,,,,,,,,,,,,,,,,,,,,,,,,,,,,,,,,,"[378.0, 247.0]",,"[161.0, 302.0]",,"[117.0, 321.0]","[311.0, 322.0]","[161.0, 302.0]",,,"[195.0, 350.0]",,,,,,,,,,,,,,,,,,,,,,,,,,,,,,,,,,,,,,,,,,,,,,,,,,,,,,,,,
311,,,,,,,,,,,,,,,,,,,,,,,,,,,,,,,,,,,"[377.0, 242.0]",,"[166.0, 300.0]",,"[119.0, 316.0]","[312.0, 320.0]","[166.0, 300.0]",,,"[197.0, 347.0]","[48.0, 226.0]",,,,,,,,,,,,,,,,,,,,,,,,,,,,,,,,,,,,,,,,,,,,,,,,,,,,,,,,
312,,,,,,,,,,,,,,,,,,,,,,,,,,,,,,,,,,,"[376.0, 239.0]",,,,"[123.0, 314.0]","[313.0, 317.0]",,,,"[188.0, 327.0]","[47.0, 230.0]",,,,,,,,,,,,,,,,,,,,,,,,,,,,,,,,,,,,,,,,,,,,,,,,,,,,,,,,
313,,,,,,,,,,,,,,,,,,,,,,,,,,,,,,,,,,,"[375.0, 235.0]",,,,"[124.0, 311.0]","[314.0, 315.0]",,,,"[191.0, 327.0]","[46.0, 232.0]",,,,,,,,,,,,,,,,,,,,,,,,,,,,,,,,,,,,,,,,,,,,,,,,,,,,,,,,
314,,,,,,,,,,,,,,,,,,,,,,,,,,,,,,,,,,,"[375.0, 231.0]",,,,"[126.0, 307.0]","[316.0, 313.0]",,,,"[192.0, 325.0]","[42.0, 233.0]",,,,,,,,,,,,,,,,,,,,,,,,,,,,,,,,,,,,,,,,,,,,,,,,,,,,,,,,
315,,,,,,,,,,,,,,,,,,,,,,,,,,,,,,,,,,,"[374.0, 227.0]",,,,"[128.0, 303.0]","[317.0, 310.0]",,,,"[191.0, 320.0]","[40.0, 236.0]",,,,,,,,,,,,,,,,,,,,,,,,,,,,,,,,,,,,,,,,,,,,,,,,,,,,,,,,
316,,,,,,,,,,,,,,,,,,,,,,,,,,,,,,,,,,,,,,,"[133.0, 300.0]","[318.0, 308.0]",,,,"[197.0, 320.0]","[39.0, 238.0]",,,,,,,,,,,,,,,,,,,,,,,,,,,,,,,,,,,,,,,,,,,,,,,,,,,,,,,,
317,,,,,,,,,,,,,,,,,,,,,,,,,,,,,,,,,,,,,,,"[133.0, 296.0]","[319.0, 308.0]",,,,"[198.0, 317.0]","[39.0, 239.0]",,,,,,,,,,,,,,,,,,,,,,,,,,,,,,,,,,,,,,,,,,,,,,,,,,,,,,,,
318,,,,,,,,,,,,,,,,,,,,,,,,,,,,,,,,,,,,,,,"[137.0, 295.0]","[320.0, 306.0]",,,,"[199.0, 313.0]","[36.0, 240.0]",,,,,,,,,,,,,,,,,,,,,,,,,,,,,,,,,,,,,,,,,,,,,,,,,,,,,,,,
319,,,,,,,,,,,,,,,,,,,,,,,,,,,,,,,,,,,,,,,"[139.0, 292.0]","[321.0, 305.0]",,,,"[201.0, 310.0]","[35.0, 243.0]",,,,,,,,,,,,,,,,,,,,,,,,,,,,,,,,,,,,,,,,,,,,,,,,,,,,,,,,
320,,,,,,,,,,,,,,,,,,,,,,,,,,,,,,,,,,,,,,,"[138.0, 286.0]","[320.0, 303.0]",,,,"[202.0, 306.0]","[35.0, 244.0]",,,,,,,,,,,,,,,,,,,,,,,,,,,,,,,,,,,,,,,,,,,,,,,,,,,,,,,,
321,,,,,,,,,,,,,,,,,,,,,,,,,,,,,,,,,,,,,,,"[139.0, 280.0]","[319.0, 300.0]",,,,"[203.0, 305.0]","[31.0, 247.0]",,,,,,,,,,,,,,,,,,,,,,,,,,,,,,,,,,,,,,,,,,,,,,,,,,,,,,,,
322,,,,,,,,,,,,,,,,,,,,,,,,,,,,,,,,,,,,,,,"[141.0, 283.0]","[321.0, 295.0]",,,,"[204.0, 301.0]","[32.0, 246.0]","[262.0, 346.0]",,,,,,,,,,,,,,,,,,,,,,,,,,,,,,,,,,,,,,,,,,,,,,,,,,,,,,,
323,,,,,,,,,,,,,,,,,,,,,,,,,,,,,,,,,,,,,,,"[142.0, 279.0]","[320.0, 288.0]",,,,"[205.0, 301.0]","[32.0, 249.0]","[262.0, 343.0]",,,,,,,,,,,,,,,,,,,,,,,,,,,,,,,,,,,,,,,,,,,,,,,,,,,,,,,
324,,,,,,,,,,,,,,,,,,,,,,,,,,,,,,,,,,,,,,,"[144.0, 275.0]","[319.0, 283.0]",,,,"[206.0, 296.0]","[30.0, 250.0]","[262.0, 339.0]",,,,,,,,,,,,,,,,,,,,,,,,,,,,,,,,,,,,,,,,,,,,,,,,,,,,,,,
325,,,,,,,,,,,,,,,,,,,,,,,,,,,,,,,,,,,,,,,"[146.0, 271.0]","[319.0, 278.0]",,,,"[209.0, 294.0]","[29.0, 251.0]","[263.0, 334.0]",,,,,,,,,,,,,,,,,,,,,,,,,,,,,,,,,,,,,,,,,,,,,,,,,,,,,,,
326,,,,,,,,,,,,,,,,,,,,,,,,,,,,,,,,,,,,,,,"[148.0, 270.0]","[320.0, 272.0]",,,,"[211.0, 288.0]","[29.0, 253.0]","[262.0, 331.0]",,,,,,,,,,,,,,,,,,,,,,,,,,,,,,,,,,,,,,,,,,,,,,,,,,,,,,,
327,,,,,,,,,,,,,,,,,,,,,,,,,,,,,,,,,,,,,,,"[149.0, 260.0]","[319.0, 268.0]",,,,"[211.0, 283.0]","[28.0, 252.0]","[264.0, 323.0]",,,,,,,,,,,,,,,,,,,,,,,,,,,,,,,,,,,,,,,,,,,,,,,,,,,,,,,
328,,,,,,,,,,,,,,,,,,,,,,,,,,,,,,,,,,,,,,,"[151.0, 264.0]","[318.0, 263.0]",,,,"[214.0, 279.0]","[28.0, 255.0]","[264.0, 320.0]","[218.0, 350.0]",,,,,,,,,,,,,,,,,,,,,,,,,,,,,,,,,,,,,,,,,,,,,,,,,,,,,,
329,,,,,,,,,,,,,,,,,,,,,,,,,,,,,,,,,,,,,,,"[153.0, 262.0]","[319.0, 258.0]",,,,"[214.0, 277.0]","[27.0, 257.0]","[264.0, 317.0]","[219.0, 345.0]",,,,,,,,,,,,,,,,,,,,,,,,,,,,,,,,,,,,,,,,,,,,,,,,,,,,,,
330,,,,,,,,,,,,,,,,,,,,,,,,,,,,,,,,,,,,,,,"[153.0, 254.0]","[319.0, 253.0]",,,,"[215.0, 274.0]","[26.0, 257.0]","[264.0, 311.0]","[221.0, 340.0]",,,,,,,,,,,,,,,,,,,,,,,,,,,,,,,,,,,,,,,,,,,,,,,,,,,,,,
331,,,,,,,,,,,,,,,,,,,,,,,,,,,,,,,,,,,,,,,"[155.0, 251.0]","[318.0, 250.0]",,,,"[217.0, 280.0]","[25.0, 259.0]","[265.0, 308.0]",,,,,,,,,,,,,,,,,,,,,,,,,,,,,,,,,,,,,,,,,,,,,,,,,,,,,,,
332,,,,,,,,,,,,,,,,,,,,,,,,,,,,,,,,,,,,,,,"[155.0, 250.0]","[317.0, 245.0]",,,,"[218.0, 275.0]","[25.0, 262.0]","[265.0, 303.0]",,,,,,,,,,,,,,,,,,,,,,,,,,,,,,,,,,,,,,,,,,,,,,,,,,,,,,,
333,,,,,,,,,,,,,,,,,,,,,,,,,,,,,,,,,,,,,,,"[159.0, 248.0]","[318.0, 241.0]",,,,"[219.0, 272.0]","[25.0, 261.0]","[266.0, 299.0]",,,,,,,,,,,,,,,,,,,,,,,,,,,,,,,,,,,,,,,,,,,,,,,,,,,,,,,
334,,,,,,,,,,,,,,,,,,,,,,,,,,,,,,,,,,,,,,,"[159.0, 249.0]","[319.0, 236.0]",,,,"[220.0, 267.0]","[23.0, 263.0]","[267.0, 294.0]",,,,,,,,,,,,,,,,,,,,,,,,,,,,,,,,,,,,,,,,,,,,,,,,,,,,,,,
335,,,,,,,,,,,,,,,,,,,,,,,,,,,,,,,,,,,,,,,"[162.0, 247.0]","[319.0, 232.0]",,,,"[221.0, 265.0]","[22.0, 265.0]","[266.0, 295.0]",,,,,,,,,,,,,,,,,,,,,,,,,,,,,,,,,,,,,,,,,,,,,,,,,,,,,,,
336,,,,,,,,,,,,,,,,,,,,,,,,,,,,,,,,,,,,,,,"[161.0, 244.0]",,,,,"[224.0, 256.0]","[21.0, 266.0]","[265.0, 288.0]",,"[227.0, 310.0]",,,,,,,,,,,,,,,,,,,,,,,,,,,,,,,,,,,,,,,,,,,,,,,,,,,,,
337,,,,,,,,,,,,,,,,,,,,,,,,,,,,,,,,,,,,,,,"[161.0, 242.0]",,,,,"[225.0, 259.0]","[21.0, 268.0]","[267.0, 285.0]",,,,,,,,,,,,,,,,,,,,,,,,,,,,,,,,,,,,,,,,,,,,,,,,,,,,,,,
338,,,,,,,,,,,,,,,,,,,,,,,,,,,,,,,,,,,,,,,"[163.0, 236.0]",,,,,"[226.0, 256.0]","[20.0, 268.0]","[266.0, 279.0]",,,,,,,,,,,,,,,,,,,,,,,,,,,,,,,,,,,,,,,,,,,,,,,,,,,,,,,
339,,,,,,,,,,,,,,,,,,,,,,,,,,,,,,,,,,,,,,,"[164.0, 238.0]",,,,,"[228.0, 253.0]","[20.0, 269.0]","[265.0, 275.0]",,,,,,,,,,,,,,,,,,,,,,,,,,,,,,,,,,,,,,,,,,,,,,,,,,,,,,,
340,,,,,,,,,,,,,,,,,,,,,,,,,,,,,,,,,,,,,,,"[169.0, 237.0]",,,,,"[233.0, 252.0]","[19.0, 269.0]","[266.0, 271.0]",,,"[200.0, 239.0]",,,,,,,,,,,,,,,,,,,,,,,,,,,,,,,,,,,,,,,,,,,,,,,,,,,,
341,,,,,,,,,,,,,,,,,,,,,,,,,,,,,,,,,,,,,,,"[167.0, 229.0]",,,,,"[234.0, 249.0]","[18.0, 270.0]","[266.0, 267.0]",,,"[201.0, 237.0]",,,,,,,,,,,,,,,,,,,,,,,,,,,,,,,,,,,,,,,,,,,,,,,,,,,,
342,,,,,,,,,,,,,,,,,,,,,,,,,,,,,,,,,,,,,,,"[168.0, 228.0]",,,,,"[242.0, 250.0]","[18.0, 270.0]","[242.0, 250.0]",,,"[202.0, 236.0]",,,,,,,,,,,,,,,,,,,,,,,,,,,,,,,,,,,,,,,,,,,,,,,,,,,,
343,,,,,,,,,,,,,,,,,,,,,,,,,,,,,,,,,,,,,,,"[174.0, 231.0]",,,,,"[243.0, 248.0]","[17.0, 272.0]","[243.0, 248.0]",,,,,,,,,,,,,,,,,,,,,,,,,,,,,,,,,,,,,,,,,,,,,,,,,,,,,,,
344,,,,,,,,,,,,,,,,,,,,,,,,,,,,,,,,,,,,,,,"[174.0, 227.0]",,,,,"[245.0, 245.0]","[16.0, 273.0]","[245.0, 245.0]",,,,,,,,,,,,,,,,,,,,,,,,,,,,,,,,,,,,,,,,,,,,,,,,,,,,,,,
345,,,,,,,,,,,,,,,,,,,,,,,,,,,,,,,,,,,,,,,,,,,,"[238.0, 239.0]","[15.0, 273.0]","[238.0, 239.0]",,,,"[268.0, 255.0]",,,,,,,,,,,,,,,,,,,,,,,,,,,,,,,,,,,,,,,,,,,,,,,,,,,
346,,,,,,,,,,,,,,,,,,,,,,,,,,,,,,,,,,,,,,,,,,,,"[239.0, 235.0]","[15.0, 274.0]","[239.0, 235.0]",,,,"[268.0, 251.0]",,,,,,,,,,,,,,,,,,,,,,,,,,,,,,,,,,,,,,,,,,,,,,,,,,,
347,,,,,,,,,,,,,,,,,,,,,,,,,,,,,,,,,,,,,,,,,,,,"[247.0, 238.0]","[14.0, 275.0]","[247.0, 238.0]",,,,"[247.0, 238.0]",,,,,,,,,,,,,,,,,,,,,,,,,,,,,,,,,,,,,,,,,,,,,,,,,,,
348,,,,,,,,,,,,,,,,,,,,,,,,,,,,,,,,,,,,,,,,,,,,"[248.0, 235.0]","[14.0, 275.0]","[248.0, 235.0]",,,,"[248.0, 235.0]",,,,,,,,,,,,,,,,,,,,,,,,,,,,,,,,,,,,,,,,,,,,,,,,,,,
349,,,,,,,,,,,,,,,,,,,,,,,,,,,,,,,,,,,,,,,,,,,,"[248.0, 233.0]","[13.0, 278.0]","[248.0, 233.0]",,,,"[248.0, 233.0]",,,,,,,,,,,,,,,,,,,,,,,,,,,,,,,,,,,,,,,,,,,,,,,,,,,
350,,,,,,,,,,,,,,,,,,,,,,,,,,,,,,,,,,,,,,,,,,,,"[250.0, 230.0]","[13.0, 279.0]","[250.0, 230.0]",,,,"[250.0, 230.0]",,,,,,,,,,,,,,,,,,,,,,,,,,,,,,,,,,,,,,,,,,,,,,,,,,,
351,,,,,,,,,,,,,,,,,,,,,,,,,,,,,,,,,,,,,,,,,,,,"[250.0, 228.0]","[11.0, 279.0]","[250.0, 228.0]",,,,"[250.0, 228.0]","[308.0, 350.0]",,,,,,,,,,,,,,,,,,,,,,,,,,,,,,,,,,,,,,,,,,,,,,,,,,
352,,,,,,,,,,,,,,,,,,,,,,,,,,,,,,,,,,,,,,,,,,,,,"[11.0, 280.0]",,,,,,"[311.0, 348.0]",,,,,,,,,,,,,,,,,,,,,,,,,,,,,,,,,,,,,,,,,,,,,,,,,,
353,,,,,,,,,,,,,,,,,,,,,,,,,,,,,,,,,,,,,,,,,,,,,"[10.0, 282.0]",,,,,,"[310.0, 345.0]",,,,,,,,,,,,,,,,,,,,,,,,,,,,,,,,,,,,,,,,,,,,,,,,,,
354,,,,,,,,,,,,,,,,,,,,,,,,,,,,,,,,,,,,,,,,,,,,,"[10.0, 283.0]",,,,,,"[312.0, 342.0]",,,,,,,,,,,,,,,,,,,,,,,,,,,,,,,,,,,,,,,,,,,,,,,,,,
355,,,,,,,,,,,,,,,,,,,,,,,,,,,,,,,,,,,,,,,,,,,,,"[9.0, 284.0]",,,,,,"[313.0, 339.0]","[92.0, 354.0]",,,,,,,,,,,,,,,,,,,,,,,,,,,,,,,,,,,,,,,,,,,,,,,,,
356,,,,,,,,,,,,,,,,,,,,,,,,,,,,,,,,,,,,,,,,,,,,,"[9.0, 286.0]",,,,,,"[313.0, 337.0]","[94.0, 351.0]",,,,,,,,,,,,,,,,,,,,,,,,,,,,,,,,,,,,,,,,,,,,,,,,,
357,,,,,,,,,,,,,,,,,,,,,,,,,,,,,,,,,,,,,,,,,,,,,"[8.0, 286.0]",,,,,,"[313.0, 334.0]","[94.0, 350.0]",,,,,,,,,,,,,,,,,,,,,,,,,,,,,,,,,,,,,,,,,,,,,,,,,
358,,,,,,,,,,,,,,,,,,,,,,,,,,,,,,,,,,,,,,,,,,,,,"[7.0, 286.0]",,,,,,"[314.0, 331.0]","[93.0, 348.0]",,,,,,,,,,,,,,,,,,,,,,,,,,,,,,,,,,,,,,,,,,,,,,,,,
359,,,,,,,,,,,,,,,,,,,,,,,,,,,,,,,,,,,,,,,,,,,,,"[6.0, 287.0]",,,,,,"[314.0, 328.0]","[93.0, 345.0]",,,,,,,,,,,,,,,,,,,,,,,,,,,,,,,,,,,,,,,,,,,,,,,,,
360,,,,,,,,,,,,,,,,,,,,,,,,,,,,,,,,,,,,,,,,,,,,,"[6.0, 279.0]",,,,,,"[315.0, 323.0]","[94.0, 344.0]",,,,,,,,,,,,,,,,,,,,,,,,,,,,,,,,,,,,,,,,,,,,,,,,,
361,,,,,,,,,,,,,,,,,,,,,,,,,,,,,,,,,,,,,,,,,,,,,"[5.0, 280.0]",,,,,,"[315.0, 318.0]","[97.0, 342.0]",,,,,,,,,,,,,,,,,,,,,,,,,,,,,,,,,,,,,,,,,,,,,,,,,
362,,,,,,,,,,,,,,,,,,,,,,,,,,,,,,,,,,,,,,,,,,,,,"[4.0, 281.0]",,,,,,"[315.0, 312.0]","[98.0, 340.0]",,,,,,,,,,,,,,,,,,,,,,,,,,,,,,,,,,,,,,,,,,,,,,,,,
363,,,,,,,,,,,,,,,,,,,,,,,,,,,,,,,,,,,,,,,,,,,,,,,,,,,"[315.0, 306.0]","[98.0, 338.0]",,,,,,,,,,,,,,,,,,,,,,,,,,,,,,,,,,,,,,,,,,,,,,,,,
364,,,,,,,,,,,,,,,,,,,,,,,,,,,,,,,,,,,,,,,,,,,,,,,,,,,"[315.0, 301.0]","[100.0, 336.0]",,,,,,,,,,,,,,,,,,,,,,,,,,,,,,,,,,,,,,,,,,,,,,,,,
365,,,,,,,,,,,,,,,,,,,,,,,,,,,,,,,,,,,,,,,,,,,,,,,,,,,"[315.0, 296.0]","[101.0, 334.0]",,,,,,,,,,,,,,,,,,,,,,,,,,,,,,,,,,,,,,,,,,,,,,,,,
366,,,,,,,,,,,,,,,,,,,,,,,,,,,,,,,,,,,,,,,,,,,,,,,,,,,"[315.0, 291.0]","[102.0, 332.0]",,,,,,,,,,,,,,,,,,,,,,,,,,,,,,,,,,,,,,,,,,,,,,,,,
367,,,,,,,,,,,,,,,,,,,,,,,,,,,,,,,,,,,,,,,,,,,,,,,,,,,"[315.0, 286.0]","[103.0, 330.0]",,,,,,,,,,,,,,,,,,,,,,,,,,,,,,,,,,,,,,,,,,,,,,,,,
368,,,,,,,,,,,,,,,,,,,,,,,,,,,,,,,,,,,,,,,,,,,,,,,,,,,"[315.0, 281.0]","[104.0, 328.0]",,,,,,,,,,,,,,,,,,,,,,,,,,,,,,,,,,,,,,,,,,,,,,,,,
369,,,,,,,,,,,,,,,,,,,,,,,,,,,,,,,,,,,,,,,,,,,,,,,,,,,"[315.0, 277.0]","[106.0, 327.0]",,,,,,,,,,,,,,,,,,,,,,,,,,,,,,,,,,,,,,,,,,,,,,,,,
370,,,,,,,,,,,,,,,,,,,,,,,,,,,,,,,,,,,,,,,,,,,,,,,,,,,"[315.0, 272.0]","[107.0, 323.0]",,,,,,,,,,,,,,,,,,,,,,,,,,,,,,,,,,,,,,,,,,,,,,,,,
371,,,,,,,,,,,,,,,,,,,,,,,,,,,,,,,,,,,,,,,,,,,,,,,,,,,"[315.0, 268.0]","[108.0, 321.0]",,,,,,,,,,,,,,,,,,,,,,,,,,,,,,,,,,,,,,,,,,,,,,,,,
372,,,,,,,,,,,,,,,,,,,,,,,,,,,,,,,,,,,,,,,,,,,,,,,,,,,"[315.0, 263.0]","[110.0, 319.0]",,,,,,,,,,,,,,,,,,,,,,,,,,,,,,,,,,,,,,,,,,,,,,,,,
373,,,,,,,,,,,,,,,,,,,,,,,,,,,,,,,,,,,,,,,,,,,,,,,,,,,"[314.0, 259.0]","[112.0, 317.0]",,,,,,,,,,,,,,,,,,,,,,,,,,,,,,,,,,,,,,,,,,,,,,,,,
374,,,,,,,,,,,,,,,,,,,,,,,,,,,,,,,,,,,,,,,,,,,,,,,,,,,"[314.0, 255.0]","[114.0, 314.0]",,,,,,,,,,,,,,,,,,,,,,,,,,,,,,,,,,,,,,,,,,,,,,,,,
375,,,,,,,,,,,,,,,,,,,,,,,,,,,,,,,,,,,,,,,,,,,,,,,,,,,"[314.0, 251.0]","[116.0, 311.0]","[611.0, 352.0]",,,,,,,,,,,,,,,,,,,,,,,,,,,,,,,,,,,,,,,,,,,,,,,,
376,,,,,,,,,,,,,,,,,,,,,,,,,,,,,,,,,,,,,,,,,,,,,,,,,,,"[315.0, 248.0]","[118.0, 308.0]","[614.0, 347.0]",,,,,,,,,,,,,,,,,,,,,,,,,,,,,,,,,,,,,,,,,,,,,,,,
377,,,,,,,,,,,,,,,,,,,,,,,,,,,,,,,,,,,,,,,,,,,,,,,,,,,"[314.0, 244.0]","[120.0, 305.0]","[612.0, 344.0]","[326.0, 353.0]",,,,,,,,,,,,,,,,,,,,,,,,,,,,,,,,,,,,,,,,,,,,,,,
378,,,,,,,,,,,,,,,,,,,,,,,,,,,,,,,,,,,,,,,,,,,,,,,,,,,"[314.0, 240.0]","[122.0, 302.0]","[610.0, 340.0]","[327.0, 350.0]","[571.0, 344.0]",,,,,,,,,,,,,,,,,,,,,,,,,,,,,,,,,,,,,,,,,,,,,,
379,,,,,,,,,,,,,,,,,,,,,,,,,,,,,,,,,,,,,,,,,,,,,,,,,,,"[315.0, 237.0]","[124.0, 298.0]","[607.0, 336.0]","[327.0, 347.0]","[568.0, 339.0]",,,,,,,,,,,,,,,,,,,,,,,,,,,,,,,,,,,,,,,,,,,,,,
380,,,,,,,,,,,,,,,,,,,,,,,,,,,,,,,,,,,,,,,,,,,,,,,,,,,"[314.0, 234.0]","[126.0, 295.0]","[603.0, 334.0]","[327.0, 344.0]",,,,,,,,,,,,,,,,,,,,,,,,,,,,,,,,,,,,,,,,,,,,,,,
381,,,,,,,,,,,,,,,,,,,,,,,,,,,,,,,,,,,,,,,,,,,,,,,,,,,"[314.0, 230.0]","[128.0, 291.0]","[599.0, 329.0]","[327.0, 341.0]",,"[556.0, 324.0]","[164.0, 290.0]",,,,,,,,,,,,,,,,,,,,,,,,,,,,,,,,,,,,,,,,,,,,
382,,,,,,,,,,,,,,,,,,,,,,,,,,,,,,,,,,,,,,,,,,,,,,,,,,,"[314.0, 228.0]","[130.0, 288.0]","[597.0, 326.0]","[328.0, 340.0]",,,,,,,,,,,,,,,,,,,,,,,,,,,,,,,,,,,,,,,,,,,,,,,
383,,,,,,,,,,,,,,,,,,,,,,,,,,,,,,,,,,,,,,,,,,,,,,,,,,,,"[131.0, 285.0]","[593.0, 327.0]","[329.0, 337.0]",,,,,,,,,,,,,,,,,,,,,,,,,,,,,,,,,,,,,,,,,,,,,,,
384,,,,,,,,,,,,,,,,,,,,,,,,,,,,,,,,,,,,,,,,,,,,,,,,,,,,"[134.0, 282.0]","[589.0, 324.0]","[329.0, 334.0]",,,,,,,,,,,,,,,,,,,,,,,,,,,,,,,,,,,,,,,,,,,,,,,
385,,,,,,,,,,,,,,,,,,,,,,,,,,,,,,,,,,,,,,,,,,,,,,,,,,,,"[135.0, 279.0]","[585.0, 321.0]","[330.0, 332.0]",,,,,,,,,,,,,,,,,,,,,,,,,,,,,,,,,,,,,,,,,,,,,,,
386,,,,,,,,,,,,,,,,,,,,,,,,,,,,,,,,,,,,,,,,,,,,,,,,,,,,"[138.0, 276.0]","[582.0, 317.0]","[330.0, 330.0]",,,,,,,,,,,,,,,,,,,,,,,,,,,,,,,,,,,,,,,,,,,,,,,
387,,,,,,,,,,,,,,,,,,,,,,,,,,,,,,,,,,,,,,,,,,,,,,,,,,,,"[139.0, 273.0]","[575.0, 309.0]","[330.0, 328.0]",,,,,,,,,,,,,,,,,,,,,,,,,,,,,,,,,,,,,,,,,,,,,,,
388,,,,,,,,,,,,,,,,,,,,,,,,,,,,,,,,,,,,,,,,,,,,,,,,,,,,"[141.0, 271.0]","[570.0, 303.0]","[331.0, 324.0]",,,,,,,,,,,,,,,,,,,,,,,,,,,,,,,,,,,,,,,,,,,,,,,
389,,,,,,,,,,,,,,,,,,,,,,,,,,,,,,,,,,,,,,,,,,,,,,,,,,,,"[142.0, 268.0]","[564.0, 296.0]","[331.0, 324.0]",,,,"[178.0, 271.0]",,,,,,,,,,,,,,,,,,,,,,,,,,,,,,,,,,,,,,,,,,,
390,,,,,,,,,,,,,,,,,,,,,,,,,,,,,,,,,,,,,,,,,,,,,,,,,,,,"[144.0, 265.0]","[558.0, 290.0]","[332.0, 321.0]",,,,,,,,,,,,,,,,,,,,,,,,,,,,,,,,,,,,,,,,,,,,,,,
391,,,,,,,,,,,,,,,,,,,,,,,,,,,,,,,,,,,,,,,,,,,,,,,,,,,,"[146.0, 262.0]","[552.0, 283.0]","[332.0, 319.0]",,,,,,,,,,,,,,,,,,,,,,,,,,,,,,,,,,,,,,,,,,,,,,,
392,,,,,,,,,,,,,,,,,,,,,,,,,,,,,,,,,,,,,,,,,,,,,,,,,,,,"[147.0, 260.0]","[548.0, 278.0]","[332.0, 317.0]",,,,,,,,,,,,,,,,,,,,,,,,,,,,,,,,,,,,,,,,,,,,,,,
393,,,,,,,,,,,,,,,,,,,,,,,,,,,,,,,,,,,,,,,,,,,,,,,,,,,,"[149.0, 257.0]","[542.0, 271.0]","[332.0, 313.0]",,,,,,,,,,,,,,,,,,,,,,,,,,,,,,,,,,,,,,,,,,,,,,,
394,,,,,,,,,,,,,,,,,,,,,,,,,,,,,,,,,,,,,,,,,,,,,,,,,,,,"[150.0, 254.0]","[539.0, 268.0]","[332.0, 308.0]",,,,,,,,,,,,,,,,,,,,,,,,,,,,,,,,,,,,,,,,,,,,,,,
395,,,,,,,,,,,,,,,,,,,,,,,,,,,,,,,,,,,,,,,,,,,,,,,,,,,,"[152.0, 252.0]","[534.0, 262.0]","[331.0, 303.0]",,,,,,,,,,,,,,,,,,,,,,,,,,,,,,,,,,,,,,,,,,,,,,,
396,,,,,,,,,,,,,,,,,,,,,,,,,,,,,,,,,,,,,,,,,,,,,,,,,,,,"[153.0, 249.0]","[529.0, 257.0]","[331.0, 298.0]",,,,,"[421.0, 355.0]",,,,,,,,,,,,,,,,,,,,,,,,,,,,,,,,,,,,,,,,,,
397,,,,,,,,,,,,,,,,,,,,,,,,,,,,,,,,,,,,,,,,,,,,,,,,,,,,"[154.0, 248.0]","[525.0, 252.0]","[330.0, 293.0]",,,,,"[419.0, 351.0]",,,,,,,,,,,,,,,,,,,,,,,,,,,,,,,,,,,,,,,,,,
398,,,,,,,,,,,,,,,,,,,,,,,,,,,,,,,,,,,,,,,,,,,,,,,,,,,,"[155.0, 246.0]","[521.0, 248.0]","[330.0, 289.0]",,,,,"[418.0, 347.0]",,,,,,,,,,,,,,,,,,,,,,,,,,,,,,,,,,,,,,,,,,
399,,,,,,,,,,,,,,,,,,,,,,,,,,,,,,,,,,,,,,,,,,,,,,,,,,,,"[157.0, 243.0]","[517.0, 243.0]","[329.0, 285.0]",,,,,"[417.0, 344.0]",,,,,,,,,,,,,,,,,,,,,,,,,,,,,,,,,,,,,,,,,,
400,,,,,,,,,,,,,,,,,,,,,,,,,,,,,,,,,,,,,,,,,,,,,,,,,,,,"[159.0, 240.0]","[514.0, 240.0]","[329.0, 280.0]",,,,,"[416.0, 340.0]",,,,,,,,,,,,,,,,,,,,,,,,,,,,,,,,,,,,,,,,,,
401,,,,,,,,,,,,,,,,,,,,,,,,,,,,,,,,,,,,,,,,,,,,,,,,,,,,"[161.0, 239.0]","[511.0, 236.0]","[329.0, 276.0]",,,,,"[414.0, 336.0]",,,,,,,,,,,,,,,,,,,,,,,,,,,,,,,,,,,,,,,,,,
402,,,,,,,,,,,,,,,,,,,,,,,,,,,,,,,,,,,,,,,,,,,,,,,,,,,,"[162.0, 237.0]","[507.0, 231.0]","[328.0, 272.0]",,,,,"[412.0, 330.0]",,,,,,,,,,,,,,,,,,,,,,,,,,,,,,,,,,,,,,,,,,
403,,,,,,,,,,,,,,,,,,,,,,,,,,,,,,,,,,,,,,,,,,,,,,,,,,,,"[162.0, 235.0]","[504.0, 228.0]","[328.0, 268.0]",,,,,"[416.0, 332.0]",,,,,,,,,,,,,,,,,,,,,,,,,,,,,,,,,,,,,,,,,,
404,,,,,,,,,,,,,,,,,,,,,,,,,,,,,,,,,,,,,,,,,,,,,,,,,,,,"[164.0, 234.0]",,"[327.0, 264.0]",,,,,"[415.0, 329.0]",,,,,,,,,,,,,,,,,,,,,,,,,,,,,,,,,,,,,,,,,,
405,,,,,,,,,,,,,,,,,,,,,,,,,,,,,,,,,,,,,,,,,,,,,,,,,,,,"[163.0, 231.0]",,"[327.0, 260.0]",,,,,"[417.0, 328.0]",,,,,,,,,,,,,,,,,,,,,,,,,,,,,,,,,,,,,,,,,,
406,,,,,,,,,,,,,,,,,,,,,,,,,,,,,,,,,,,,,,,,,,,,,,,,,,,,"[164.0, 230.0]",,"[326.0, 256.0]",,,,,"[416.0, 324.0]",,,,,,,,,,,,,,,,,,,,,,,,,,,,,,,,,,,,,,,,,,
407,,,,,,,,,,,,,,,,,,,,,,,,,,,,,,,,,,,,,,,,,,,,,,,,,,,,"[165.0, 228.0]",,"[326.0, 253.0]",,,,,"[416.0, 322.0]","[37.0, 226.0]",,,,,,,,,,,,,,,,,,,,,,,,,,,,,,,,,,,,,,,,,
408,,,,,,,,,,,,,,,,,,,,,,,,,,,,,,,,,,,,,,,,,,,,,,,,,,,,,,"[326.0, 249.0]",,,,,"[415.0, 317.0]","[36.0, 228.0]",,,,,,,,,,,,,,,,,,,,,,,,,,,,,,,,,,,,,,,,,
409,,,,,,,,,,,,,,,,,,,,,,,,,,,,,,,,,,,,,,,,,,,,,,,,,,,,,,"[326.0, 246.0]",,,,,"[413.0, 311.0]","[36.0, 228.0]",,,,,,,,,,,,,,,,,,,,,,,,,,,,,,,,,,,,,,,,,
410,,,,,,,,,,,,,,,,,,,,,,,,,,,,,,,,,,,,,,,,,,,,,,,,,,,,,,"[325.0, 243.0]",,,,,"[411.0, 304.0]","[33.0, 230.0]",,,,,,,,,,,,,,,,,,,,,,,,,,,,,,,,,,,,,,,,,
411,,,,,,,,,,,,,,,,,,,,,,,,,,,,,,,,,,,,,,,,,,,,,,,,,,,,,,"[325.0, 240.0]",,,,,"[409.0, 298.0]","[33.0, 232.0]",,,,,,,,,,,,,,,,,,,,,,,,,,,,,,,,,,,,,,,,,
412,,,,,,,,,,,,,,,,,,,,,,,,,,,,,,,,,,,,,,,,,,,,,,,,,,,,,,"[325.0, 236.0]",,,,,"[408.0, 292.0]","[32.0, 234.0]",,,,,,,,,,,,,,,,,,,,,,,,,,,,,,,,,,,,,,,,,
413,,,,,,,,,,,,,,,,,,,,,,,,,,,,,,,,,,,,,,,,,,,,,,,,,,,,,,"[325.0, 233.0]",,,,,"[406.0, 287.0]","[32.0, 235.0]",,,,,,,,,,,,,,,,,,,,,,,,,,,,,,,,,,,,,,,,,
414,,,,,,,,,,,,,,,,,,,,,,,,,,,,,,,,,,,,,,,,,,,,,,,,,,,,,,"[324.0, 231.0]",,,,,"[405.0, 282.0]","[30.0, 236.0]",,,,,,,,,,,,,,,,,,,,,,,,,,,,,,,,,,,,,,,,,
415,,,,,,,,,,,,,,,,,,,,,,,,,,,,,,,,,,,,,,,,,,,,,,,,,,,,,,"[323.0, 228.0]",,,,,"[404.0, 276.0]","[29.0, 239.0]",,,,,,,,,,,,,,,,,,,,,,,,,,,,,,,,,,,,,,,,,
416,,,,,,,,,,,,,,,,,,,,,,,,,,,,,,,,,,,,,,,,,,,,,,,,,,,,,,,,,,,"[402.0, 271.0]","[27.0, 240.0]",,,,,,,,,,,,,,,,,,,,,,,,,,,,,,,,,,,,,,,,,
417,,,,,,,,,,,,,,,,,,,,,,,,,,,,,,,,,,,,,,,,,,,,,,,,,,,,,,,,,,,"[401.0, 266.0]","[26.0, 241.0]",,,,,,,,,,,,,,,,,,,,,,,,,,,,,,,,,,,,,,,,,
418,,,,,,,,,,,,,,,,,,,,,,,,,,,,,,,,,,,,,,,,,,,,,,,,,,,,,,,,,,,"[400.0, 261.0]","[24.0, 243.0]","[329.0, 229.0]",,,,,,,,,,,,,,,,,,,,,,,,,,,,,,,,,,,,,,,,
419,,,,,,,,,,,,,,,,,,,,,,,,,,,,,,,,,,,,,,,,,,,,,,,,,,,,,,,,,,,"[399.0, 257.0]","[23.0, 243.0]",,,,,,,,,,,,,,,,,,,,,,,,,,,,,,,,,,,,,,,,,
420,,,,,,,,,,,,,,,,,,,,,,,,,,,,,,,,,,,,,,,,,,,,,,,,,,,,,,,,,,,"[397.0, 253.0]","[22.0, 246.0]",,,,,,,,,,,,,,,,,,,,,,,,,,,,,,,,,,,,,,,,,
421,,,,,,,,,,,,,,,,,,,,,,,,,,,,,,,,,,,,,,,,,,,,,,,,,,,,,,,,,,,"[396.0, 248.0]","[22.0, 247.0]",,,,,,,,,,,,,,,,,,,,,,,,,,,,,,,,,,,,,,,,,
422,,,,,,,,,,,,,,,,,,,,,,,,,,,,,,,,,,,,,,,,,,,,,,,,,,,,,,,,,,,"[395.0, 244.0]","[24.0, 237.0]",,"[14.0, 275.0]",,,,,,,,,,,,,,,,,,,,,,,,,,,,,,,,,,,,,,,
423,,,,,,,,,,,,,,,,,,,,,,,,,,,,,,,,,,,,,,,,,,,,,,,,,,,,,,,,,,,"[394.0, 240.0]","[20.0, 249.0]",,,,,,,,,,,,,,,,,,,,,,,,,,,,,,,,,,,,,,,,,
424,,,,,,,,,,,,,,,,,,,,,,,,,,,,,,,,,,,,,,,,,,,,,,,,,,,,,,,,,,,"[393.0, 236.0]","[23.0, 238.0]",,,"[97.0, 351.0]","[14.0, 277.0]",,,,,,,,,,,,,,,,,,,,,,,,,,,,,,,,,,,,,
425,,,,,,,,,,,,,,,,,,,,,,,,,,,,,,,,,,,,,,,,,,,,,,,,,,,,,,,,,,,"[392.0, 232.0]","[20.0, 249.0]",,,"[101.0, 349.0]",,"[193.0, 354.0]",,,,,,,,,,,,,,,,,,,,,,,,,,,,,,,,,,,,
426,,,,,,,,,,,,,,,,,,,,,,,,,,,,,,,,,,,,,,,,,,,,,,,,,,,,,,,,,,,"[391.0, 229.0]","[21.0, 240.0]",,,"[101.0, 347.0]",,"[196.0, 351.0]","[12.0, 282.0]",,,,,,,,,,,,,,,,,,,,,,,,,,,,,,,,,,,
427,,,,,,,,,,,,,,,,,,,,,,,,,,,,,,,,,,,,,,,,,,,,,,,,,,,,,,,,,,,,"[18.0, 251.0]",,,"[104.0, 344.0]",,"[202.0, 347.0]",,"[156.0, 348.0]",,,,,,,,,,,,,,,,,,,,,,,,,,,,,,,,,,
428,,,,,,,,,,,,,,,,,,,,,,,,,,,,,,,,,,,,,,,,,,,,,,,,,,,,,,,,,,,,"[20.0, 242.0]",,,"[105.0, 342.0]",,"[198.0, 340.0]",,"[158.0, 345.0]","[13.0, 285.0]",,,,,,,,,,,,,,,,,,,,,,,,,,,,,,,,,
429,,,,,,,,,,,,,,,,,,,,,,,,,,,,,,,,,,,,,,,,,,,,,,,,,,,,,,,,,,,,"[19.0, 242.0]",,,"[105.0, 339.0]",,"[201.0, 337.0]",,"[159.0, 344.0]","[14.0, 287.0]",,,,,,,,,,,,,,,,,,,,,,,,,,,,,,,,,
430,,,,,,,,,,,,,,,,,,,,,,,,,,,,,,,,,,,,,,,,,,,,,,,,,,,,,,,,,,,,"[18.0, 244.0]",,,"[107.0, 338.0]",,"[194.0, 337.0]",,,"[13.0, 288.0]",,,,,,,,,,,,,,,,,,,,,,,,,,,,,,,,,
431,,,,,,,,,,,,,,,,,,,,,,,,,,,,,,,,,,,,,,,,,,,,,,,,,,,,,,,,,,,,"[17.0, 245.0]",,,"[107.0, 334.0]",,"[208.0, 332.0]",,,"[12.0, 289.0]","[162.0, 341.0]",,,,,,,,,,,,,,,,,,,,,,,,,,,,,,,,
432,,,,,,,,,,,,,,,,,,,,,,,,,,,,,,,,,,,,,,,,,,,,,,,,,,,,,,,,,,,,"[16.0, 245.0]",,,"[109.0, 333.0]",,"[208.0, 330.0]",,,"[11.0, 287.0]","[163.0, 339.0]",,,,,,,,,,,,,,,,,,,,,,,,,,,,,,,,
433,,,,,,,,,,,,,,,,,,,,,,,,,,,,,,,,,,,,,,,,,,,,,,,,,,,,,,,,,,,,"[16.0, 245.0]",,,"[111.0, 330.0]",,"[210.0, 324.0]",,,"[12.0, 290.0]","[164.0, 339.0]",,,,,,,,,,,,,,,,,,,,,,,,,,,,,,,,
434,,,,,,,,,,,,,,,,,,,,,,,,,,,,,,,,,,,,,,,,,,,,,,,,,,,,,,,,,,,,"[15.0, 246.0]",,,"[113.0, 327.0]",,"[214.0, 318.0]",,,"[10.0, 291.0]","[164.0, 338.0]",,,,,,,,,,,,,,,,,,,,,,,,,,,,,,,,
435,,,,,,,,,,,,,,,,,,,,,,,,,,,,,,,,,,,,,,,,,,,,,,,,,,,,,,,,,,,,"[15.0, 247.0]",,,"[115.0, 325.0]",,"[215.0, 313.0]",,,"[12.0, 292.0]","[165.0, 336.0]",,,,,,,,,,,,,,,,,,,,,,,,,,,,,,,,
436,,,,,,,,,,,,,,,,,,,,,,,,,,,,,,,,,,,,,,,,,,,,,,,,,,,,,,,,,,,,"[15.0, 246.0]",,,"[118.0, 320.0]",,"[215.0, 311.0]",,,,"[166.0, 332.0]",,,,,,,,,,,,,,,,,,,,,,,,,,,,,,,,
437,,,,,,,,,,,,,,,,,,,,,,,,,,,,,,,,,,,,,,,,,,,,,,,,,,,,,,,,,,,,"[14.0, 247.0]",,,"[120.0, 316.0]",,"[219.0, 305.0]",,,,"[167.0, 331.0]","[7.0, 292.0]",,,,,,,,,,,,,,,,,,,,,,,,,,,,,,,
438,,,,,,,,,,,,,,,,,,,,,,,,,,,,,,,,,,,,,,,,,,,,,,,,,,,,,,,,,,,,"[13.0, 248.0]",,,"[123.0, 311.0]",,"[221.0, 300.0]",,,,"[168.0, 328.0]",,,,,,,,,,,,,,,,,,,,,,,,,,,,,,,,
439,,,,,,,,,,,,,,,,,,,,,,,,,,,,,,,,,,,,,,,,,,,,,,,,,,,,,,,,,,,,"[13.0, 249.0]",,,"[127.0, 307.0]",,"[222.0, 296.0]",,,,"[168.0, 328.0]",,,,,,,,,,,,,,,,,,,,,,,,,,,,,,,,
440,,,,,,,,,,,,,,,,,,,,,,,,,,,,,,,,,,,,,,,,,,,,,,,,,,,,,,,,,,,,"[12.0, 249.0]",,,"[128.0, 304.0]",,"[224.0, 292.0]",,,,"[170.0, 324.0]",,,,,,,,,,,,,,,,,,,,,,,,,,,,,,,,
441,,,,,,,,,,,,,,,,,,,,,,,,,,,,,,,,,,,,,,,,,,,,,,,,,,,,,,,,,,,,"[12.0, 250.0]",,,"[128.0, 301.0]",,"[225.0, 288.0]",,,,"[171.0, 321.0]",,,,,,,,,,,,,,,,,,,,,,,,,,,,,,,,
442,,,,,,,,,,,,,,,,,,,,,,,,,,,,,,,,,,,,,,,,,,,,,,,,,,,,,,,,,,,,"[11.0, 251.0]",,,"[130.0, 298.0]",,"[226.0, 284.0]",,,,"[173.0, 318.0]",,,,,,,,,,,,,,,,,,,,,,,,,,,,,,,,
443,,,,,,,,,,,,,,,,,,,,,,,,,,,,,,,,,,,,,,,,,,,,,,,,,,,,,,,,,,,,"[11.0, 252.0]",,,"[132.0, 294.0]",,"[228.0, 280.0]",,,,"[174.0, 314.0]",,,,,,,,,,,,,,,,,,,,,,,,,,,,,,,,
444,,,,,,,,,,,,,,,,,,,,,,,,,,,,,,,,,,,,,,,,,,,,,,,,,,,,,,,,,,,,"[11.0, 253.0]",,,"[134.0, 289.0]",,"[230.0, 277.0]",,,,"[176.0, 311.0]",,,,,,,,,,,,,,,,,,,,,,,,,,,,,,,,
445,,,,,,,,,,,,,,,,,,,,,,,,,,,,,,,,,,,,,,,,,,,,,,,,,,,,,,,,,,,,"[10.0, 253.0]",,,"[136.0, 286.0]",,"[230.0, 273.0]",,,,"[177.0, 303.0]",,,,,,,,,,,,,,,,,,,,,,,,,,,,,,,,
446,,,,,,,,,,,,,,,,,,,,,,,,,,,,,,,,,,,,,,,,,,,,,,,,,,,,,,,,,,,,"[10.0, 254.0]",,,"[139.0, 283.0]",,"[235.0, 271.0]",,,,"[178.0, 297.0]",,,,,,,,,,,,,,,,,,,,,,,,,,,,,,,,
447,,,,,,,,,,,,,,,,,,,,,,,,,,,,,,,,,,,,,,,,,,,,,,,,,,,,,,,,,,,,"[9.0, 255.0]",,,"[142.0, 280.0]",,"[234.0, 266.0]",,,,"[180.0, 299.0]",,,,,,,,,,,,,,,,,,,,,,,,,,,,,,,,
448,,,,,,,,,,,,,,,,,,,,,,,,,,,,,,,,,,,,,,,,,,,,,,,,,,,,,,,,,,,,"[8.0, 256.0]",,,"[142.0, 277.0]",,"[236.0, 264.0]",,,,"[181.0, 297.0]",,,,,,,,,,,,,,,,,,,,,,,,,,,,,,,,
449,,,,,,,,,,,,,,,,,,,,,,,,,,,,,,,,,,,,,,,,,,,,,,,,,,,,,,,,,,,,"[7.0, 257.0]",,,"[145.0, 274.0]",,"[237.0, 261.0]",,,,"[183.0, 293.0]",,,,,,,,,,,,,,,,,,,,,,,,,,,,,,,,
450,,,,,,,,,,,,,,,,,,,,,,,,,,,,,,,,,,,,,,,,,,,,,,,,,,,,,,,,,,,,"[7.0, 257.0]",,,"[146.0, 271.0]",,"[238.0, 257.0]",,,,"[184.0, 290.0]",,,,,,,,,,,,,,,,,,,,,,,,,,,,,,,,
451,,,,,,,,,,,,,,,,,,,,,,,,,,,,,,,,,,,,,,,,,,,,,,,,,,,,,,,,,,,,"[6.0, 259.0]",,,"[149.0, 267.0]",,"[238.0, 255.0]",,,,"[185.0, 288.0]",,,,,,,,,,,,,,,,,,,,,,,,,,,,,,,,
452,,,,,,,,,,,,,,,,,,,,,,,,,,,,,,,,,,,,,,,,,,,,,,,,,,,,,,,,,,,,"[6.0, 259.0]",,,"[149.0, 265.0]",,"[238.0, 252.0]",,,,"[186.0, 284.0]",,,,,,,,,,,,,,,,,,,,,,,,,,,,,,,,
453,,,,,,,,,,,,,,,,,,,,,,,,,,,,,,,,,,,,,,,,,,,,,,,,,,,,,,,,,,,,,,,"[149.0, 263.0]",,"[240.0, 249.0]",,,,"[188.0, 281.0]",,,,,,,,,,,,,,,,,,,,,,,,,,,,,,,,
454,,,,,,,,,,,,,,,,,,,,,,,,,,,,,,,,,,,,,,,,,,,,,,,,,,,,,,,,,,,,,,,"[151.0, 259.0]",,"[241.0, 248.0]",,,,"[189.0, 277.0]",,,,,,,,,,,,,,,,,,,,,,,,,,,,,,,,
455,,,,,,,,,,,,,,,,,,,,,,,,,,,,,,,,,,,,,,,,,,,,,,,,,,,,,,,,,,,,,,,"[154.0, 257.0]",,"[242.0, 243.0]",,,,"[190.0, 275.0]",,,,,,,,,,,,,,,,,,,,,,,,,,,,,,,,
456,,,,,,,,,,,,,,,,,,,,,,,,,,,,,,,,,,,,,,,,,,,,,,,,,,,,,,,,,,,,,,,"[154.0, 254.0]",,"[242.0, 241.0]",,,,"[191.0, 273.0]",,,,,,,,,,,,,,,,,,,,,,,,,,,,,,,,
457,,,,,,,,,,,,,,,,,,,,,,,,,,,,,,,,,,,,,,,,,,,,,,,,,,,,,,,,,,,,,,,"[161.0, 250.0]",,"[243.0, 239.0]",,,,"[192.0, 270.0]",,,,,,,,,,,,,,,,,,,,,,,,,,,,,,,,
458,,,,,,,,,,,,,,,,,,,,,,,,,,,,,,,,,,,,,,,,,,,,,,,,,,,,,,,,,,,,,,,"[157.0, 249.0]",,"[244.0, 237.0]",,,,"[193.0, 267.0]",,,,,,,,,,,,,,,,,,,,,,,,,,,,,,,,
459,,,,,,,,,,,,,,,,,,,,,,,,,,,,,,,,,,,,,,,,,,,,,,,,,,,,,,,,,,,,,,,"[160.0, 246.0]",,"[244.0, 234.0]",,,,"[195.0, 265.0]",,,,,,,,,,,,,,,,,,,,,,,,,,,,,,,,
460,,,,,,,,,,,,,,,,,,,,,,,,,,,,,,,,,,,,,,,,,,,,,,,,,,,,,,,,,,,,,,,"[162.0, 244.0]",,"[246.0, 232.0]",,,,"[196.0, 262.0]",,,,,,,,,,,,,,,,,,,,,,,,,,,,,,,,
461,,,,,,,,,,,,,,,,,,,,,,,,,,,,,,,,,,,,,,,,,,,,,,,,,,,,,,,,,,,,,,,"[163.0, 242.0]",,"[246.0, 229.0]",,,,"[196.0, 260.0]",,,,,,,,,,,,,,,,,,,,,,,,,,,,,,,,
462,,,,,,,,,,,,,,,,,,,,,,,,,,,,,,,,,,,,,,,,,,,,,,,,,,,,,,,,,,,,,,,"[162.0, 240.0]",,"[247.0, 227.0]",,,,"[197.0, 258.0]",,,,,,,,,,,,,,,,,,,,,,,,,,,,,,,,
463,,,,,,,,,,,,,,,,,,,,,,,,,,,,,,,,,,,,,,,,,,,,,,,,,,,,,,,,,,,,,,,"[162.0, 239.0]",,,,,,"[198.0, 255.0]",,,,,,,,,,,,,,,,,,,,,,,,,,,,,,,,
464,,,,,,,,,,,,,,,,,,,,,,,,,,,,,,,,,,,,,,,,,,,,,,,,,,,,,,,,,,,,,,,"[163.0, 237.0]",,,,,,"[199.0, 253.0]",,,,,,,,,,,,,,,,,,,,,,,,,,,,,,,,
465,,,,,,,,,,,,,,,,,,,,,,,,,,,,,,,,,,,,,,,,,,,,,,,,,,,,,,,,,,,,,,,"[164.0, 235.0]",,,,,,"[200.0, 251.0]",,,,,,,,,,,,,,,,,,,,,,,,,,,,,,,,
466,,,,,,,,,,,,,,,,,,,,,,,,,,,,,,,,,,,,,,,,,,,,,,,,,,,,,,,,,,,,,,,"[165.0, 232.0]",,,,,,"[201.0, 249.0]",,"[432.0, 352.0]",,,,,,,,,,,,,,,,,,,,,,,,,,,,,,
467,,,,,,,,,,,,,,,,,,,,,,,,,,,,,,,,,,,,,,,,,,,,,,,,,,,,,,,,,,,,,,,"[167.0, 230.0]",,,,,,"[202.0, 247.0]",,"[432.0, 349.0]",,,,,,,,,,,,,,,,,,,,,,,,,,,,,,
468,,,,,,,,,,,,,,,,,,,,,,,,,,,,,,,,,,,,,,,,,,,,,,,,,,,,,,,,,,,,,,,"[169.0, 227.0]",,,,,,"[203.0, 245.0]",,"[434.0, 343.0]",,,,,,,,,,,,,,,,,,,,,,,,,,,,,,
469,,,,,,,,,,,,,,,,,,,,,,,,,,,,,,,,,,,,,,,,,,,,,,,,,,,,,,,,,,,,,,,,,,,,,"[204.0, 242.0]",,"[432.0, 343.0]",,,,,,,,,,,,,,,,,,,,,,,,,,,,,,
470,,,,,,,,,,,,,,,,,,,,,,,,,,,,,,,,,,,,,,,,,,,,,,,,,,,,,,,,,,,,,,,,,,,,,"[204.0, 240.0]",,"[428.0, 342.0]","[48.0, 227.0]",,,,,,,,,,,,,,,,,,,,,,,,,,,,,
471,,,,,,,,,,,,,,,,,,,,,,,,,,,,,,,,,,,,,,,,,,,,,,,,,,,,,,,,,,,,,,,,,,,,,"[206.0, 238.0]",,"[426.0, 340.0]","[47.0, 228.0]",,,,,,,,,,,,,,,,,,,,,,,,,,,,,
472,,,,,,,,,,,,,,,,,,,,,,,,,,,,,,,,,,,,,,,,,,,,,,,,,,,,,,,,,,,,,,,,,,,,,,,"[424.0, 337.0]","[44.0, 233.0]",,,,,,,,,,,,,,,,,,,,,,,,,,,,,
473,,,,,,,,,,,,,,,,,,,,,,,,,,,,,,,,,,,,,,,,,,,,,,,,,,,,,,,,,,,,,,,,,,,,,,,"[423.0, 334.0]","[44.0, 235.0]",,,,,,,,,,,,,,,,,,,,,,,,,,,,,
474,,,,,,,,,,,,,,,,,,,,,,,,,,,,,,,,,,,,,,,,,,,,,,,,,,,,,,,,,,,,,,,,,,,,,,,"[422.0, 328.0]","[42.0, 235.0]","[208.0, 228.0]",,,,,,,,,,,,,,,,,,,,,,,,,,,,
475,,,,,,,,,,,,,,,,,,,,,,,,,,,,,,,,,,,,,,,,,,,,,,,,,,,,,,,,,,,,,,,,,,,,,,,"[420.0, 321.0]","[43.0, 232.0]","[209.0, 230.0]",,,,,,,,,,,,,,,,,,,,,,,,,,,,
476,,,,,,,,,,,,,,,,,,,,,,,,,,,,,,,,,,,,,,,,,,,,,,,,,,,,,,,,,,,,,,,,,,,,,,,"[418.0, 315.0]","[41.0, 236.0]",,,,,,,,,,,,,,,,,,,,,,,,,,,,,
477,,,,,,,,,,,,,,,,,,,,,,,,,,,,,,,,,,,,,,,,,,,,,,,,,,,,,,,,,,,,,,,,,,,,,,,"[416.0, 309.0]","[40.0, 238.0]",,"[211.0, 226.0]",,,,,,,,,,,,,,,,,,,,,,,,,,,
478,,,,,,,,,,,,,,,,,,,,,,,,,,,,,,,,,,,,,,,,,,,,,,,,,,,,,,,,,,,,,,,,,,,,,,,"[415.0, 303.0]","[41.0, 236.0]",,,,,,,,,,,,,,,,,,,,,,,,,,,,,
479,,,,,,,,,,,,,,,,,,,,,,,,,,,,,,,,,,,,,,,,,,,,,,,,,,,,,,,,,,,,,,,,,,,,,,,"[413.0, 297.0]","[40.0, 237.0]",,,,,,,,,,,,,,,,,,,,,,,,,,,,,
480,,,,,,,,,,,,,,,,,,,,,,,,,,,,,,,,,,,,,,,,,,,,,,,,,,,,,,,,,,,,,,,,,,,,,,,"[411.0, 292.0]","[39.0, 236.0]",,,,,,,,,,,,,,,,,,,,,,,,,,,,,
481,,,,,,,,,,,,,,,,,,,,,,,,,,,,,,,,,,,,,,,,,,,,,,,,,,,,,,,,,,,,,,,,,,,,,,,"[410.0, 287.0]","[36.0, 238.0]",,,,,,,,,,,,,,,,,,,,,,,,,,,,,
482,,,,,,,,,,,,,,,,,,,,,,,,,,,,,,,,,,,,,,,,,,,,,,,,,,,,,,,,,,,,,,,,,,,,,,,"[408.0, 281.0]","[34.0, 239.0]",,,,,,,,,,,,,,,,,,,,,,,,,,,,,
483,,,,,,,,,,,,,,,,,,,,,,,,,,,,,,,,,,,,,,,,,,,,,,,,,,,,,,,,,,,,,,,,,,,,,,,"[407.0, 277.0]","[34.0, 239.0]",,,,,,,,,,,,,,,,,,,,,,,,,,,,,
484,,,,,,,,,,,,,,,,,,,,,,,,,,,,,,,,,,,,,,,,,,,,,,,,,,,,,,,,,,,,,,,,,,,,,,,"[406.0, 271.0]","[32.0, 242.0]",,,,,,,,,,,,,,,,,,,,,,,,,,,,,
485,,,,,,,,,,,,,,,,,,,,,,,,,,,,,,,,,,,,,,,,,,,,,,,,,,,,,,,,,,,,,,,,,,,,,,,"[404.0, 267.0]","[31.0, 243.0]",,,,,,,,,,,,,,,,,,,,,,,,,,,,,
486,,,,,,,,,,,,,,,,,,,,,,,,,,,,,,,,,,,,,,,,,,,,,,,,,,,,,,,,,,,,,,,,,,,,,,,"[403.0, 262.0]","[30.0, 243.0]",,,,,,,,,,,,,,,,,,,,,,,,,,,,,
487,,,,,,,,,,,,,,,,,,,,,,,,,,,,,,,,,,,,,,,,,,,,,,,,,,,,,,,,,,,,,,,,,,,,,,,"[402.0, 258.0]","[28.0, 244.0]",,,,,,,,,,,,,,,,,,,,,,,,,,,,,
488,,,,,,,,,,,,,,,,,,,,,,,,,,,,,,,,,,,,,,,,,,,,,,,,,,,,,,,,,,,,,,,,,,,,,,,"[401.0, 254.0]","[27.0, 245.0]",,,,,,,,,,,,,,,,,,,,,,,,,,,,,
489,,,,,,,,,,,,,,,,,,,,,,,,,,,,,,,,,,,,,,,,,,,,,,,,,,,,,,,,,,,,,,,,,,,,,,,"[399.0, 250.0]","[27.0, 245.0]",,,,,,,,,,,,,,,,,,,,,,,,,,,,,
490,,,,,,,,,,,,,,,,,,,,,,,,,,,,,,,,,,,,,,,,,,,,,,,,,,,,,,,,,,,,,,,,,,,,,,,"[398.0, 248.0]","[25.0, 247.0]",,,,,,,,,,,,,,,,,,,,,,,,,,,,,
491,,,,,,,,,,,,,,,,,,,,,,,,,,,,,,,,,,,,,,,,,,,,,,,,,,,,,,,,,,,,,,,,,,,,,,,"[397.0, 242.0]","[24.0, 249.0]",,,"[208.0, 353.0]",,,,,,,,,,,,,,,,,,,,,,,,,,
492,,,,,,,,,,,,,,,,,,,,,,,,,,,,,,,,,,,,,,,,,,,,,,,,,,,,,,,,,,,,,,,,,,,,,,,"[396.0, 239.0]","[23.0, 250.0]",,,"[208.0, 351.0]",,,,,,,,,,,,,,,,,,,,,,,,,,
493,,,,,,,,,,,,,,,,,,,,,,,,,,,,,,,,,,,,,,,,,,,,,,,,,,,,,,,,,,,,,,,,,,,,,,,"[395.0, 235.0]","[21.0, 251.0]",,,"[208.0, 348.0]",,,,,,,,,,,,,,,,,,,,,,,,,,
494,,,,,,,,,,,,,,,,,,,,,,,,,,,,,,,,,,,,,,,,,,,,,,,,,,,,,,,,,,,,,,,,,,,,,,,"[394.0, 231.0]","[20.0, 252.0]",,,"[209.0, 346.0]",,,,,,,,,,,,,,,,,,,,,,,,,,
495,,,,,,,,,,,,,,,,,,,,,,,,,,,,,,,,,,,,,,,,,,,,,,,,,,,,,,,,,,,,,,,,,,,,,,,"[393.0, 229.0]","[19.0, 253.0]",,,"[209.0, 344.0]","[97.0, 354.0]","[327.0, 348.0]",,,,,,,,,,,,,,,,,,,,,,,,
496,,,,,,,,,,,,,,,,,,,,,,,,,,,,,,,,,,,,,,,,,,,,,,,,,,,,,,,,,,,,,,,,,,,,,,,"[392.0, 226.0]","[18.0, 254.0]",,,"[209.0, 342.0]","[100.0, 352.0]","[330.0, 346.0]",,,,,,,,,,,,,,,,,,,,,,,,
497,,,,,,,,,,,,,,,,,,,,,,,,,,,,,,,,,,,,,,,,,,,,,,,,,,,,,,,,,,,,,,,,,,,,,,,,"[16.0, 255.0]",,,"[209.0, 340.0]","[101.0, 349.0]","[331.0, 344.0]",,,,,,,,,,,,,,,,,,,,,,,,
498,,,,,,,,,,,,,,,,,,,,,,,,,,,,,,,,,,,,,,,,,,,,,,,,,,,,,,,,,,,,,,,,,,,,,,,,"[16.0, 255.0]",,,"[210.0, 336.0]","[101.0, 347.0]","[331.0, 342.0]",,,,,,,,,,,,,,,,,,,,,,,,
499,,,,,,,,,,,,,,,,,,,,,,,,,,,,,,,,,,,,,,,,,,,,,,,,,,,,,,,,,,,,,,,,,,,,,,,,"[15.0, 257.0]",,,"[210.0, 333.0]","[101.0, 345.0]","[331.0, 341.0]",,,,,,,,,,,,,,,,,,,,,,,,
500,,,,,,,,,,,,,,,,,,,,,,,,,,,,,,,,,,,,,,,,,,,,,,,,,,,,,,,,,,,,,,,,,,,,,,,,"[14.0, 256.0]",,,"[211.0, 330.0]","[101.0, 343.0]","[324.0, 342.0]",,,,,,,,,,,,,,,,,,,,,,,,
501,,,,,,,,,,,,,,,,,,,,,,,,,,,,,,,,,,,,,,,,,,,,,,,,,,,,,,,,,,,,,,,,,,,,,,,,"[13.0, 257.0]",,,"[212.0, 331.0]","[102.0, 341.0]","[322.0, 341.0]",,,,,,,,,,,,,,,,,,,,,,,,
502,,,,,,,,,,,,,,,,,,,,,,,,,,,,,,,,,,,,,,,,,,,,,,,,,,,,,,,,,,,,,,,,,,,,,,,,"[13.0, 258.0]",,,"[211.0, 330.0]","[101.0, 338.0]","[321.0, 339.0]",,,,,,,,,,,,,,,,,,,,,,,,
503,,,,,,,,,,,,,,,,,,,,,,,,,,,,,,,,,,,,,,,,,,,,,,,,,,,,,,,,,,,,,,,,,,,,,,,,"[12.0, 259.0]",,,"[213.0, 326.0]","[104.0, 337.0]","[320.0, 337.0]",,,,,,,,,,,,,,,,,,,,,,,,
504,,,,,,,,,,,,,,,,,,,,,,,,,,,,,,,,,,,,,,,,,,,,,,,,,,,,,,,,,,,,,,,,,,,,,,,,"[12.0, 260.0]",,,"[214.0, 323.0]","[104.0, 334.0]","[319.0, 335.0]",,,,,,,,,,,,,,,,,,,,,,,,
505,,,,,,,,,,,,,,,,,,,,,,,,,,,,,,,,,,,,,,,,,,,,,,,,,,,,,,,,,,,,,,,,,,,,,,,,"[12.0, 258.0]",,,"[212.0, 337.0]","[105.0, 332.0]","[320.0, 332.0]","[219.0, 306.0]",,,,,,,,,,,,,,,,,,,,,,,
506,,,,,,,,,,,,,,,,,,,,,,,,,,,,,,,,,,,,,,,,,,,,,,,,,,,,,,,,,,,,,,,,,,,,,,,,"[12.0, 259.0]",,,"[212.0, 334.0]","[106.0, 331.0]","[320.0, 330.0]","[221.0, 303.0]",,,,,,,,,,,,,,,,,,,,,,,
507,,,,,,,,,,,,,,,,,,,,,,,,,,,,,,,,,,,,,,,,,,,,,,,,,,,,,,,,,,,,,,,,,,,,,,,,"[9.0, 260.0]",,,"[214.0, 330.0]","[107.0, 330.0]","[320.0, 328.0]","[223.0, 298.0]",,,,,,,,,,,,,,,,,,,,,,,
508,,,,,,,,,,,,,,,,,,,,,,,,,,,,,,,,,,,,,,,,,,,,,,,,,,,,,,,,,,,,,,,,,,,,,,,,"[10.0, 261.0]",,,"[213.0, 325.0]","[110.0, 325.0]","[320.0, 324.0]","[223.0, 295.0]",,,,,,,,,,,,,,,,,,,,,,,
509,,,,,,,,,,,,,,,,,,,,,,,,,,,,,,,,,,,,,,,,,,,,,,,,,,,,,,,,,,,,,,,,,,,,,,,,"[10.0, 262.0]",,,"[216.0, 321.0]","[114.0, 320.0]","[320.0, 319.0]","[224.0, 292.0]",,,,,,,,,,,,,,,,,,,,,,,
510,,,,,,,,,,,,,,,,,,,,,,,,,,,,,,,,,,,,,,,,,,,,,,,,,,,,,,,,,,,,,,,,,,,,,,,,"[8.0, 263.0]",,,"[221.0, 342.0]","[116.0, 316.0]","[320.0, 314.0]","[223.0, 298.0]","[38.0, 333.0]",,,,,,,,,,,,,,,,,,,,,,
511,,,,,,,,,,,,,,,,,,,,,,,,,,,,,,,,,,,,,,,,,,,,,,,,,,,,,,,,,,,,,,,,,,,,,,,,"[8.0, 265.0]",,,"[221.0, 338.0]","[116.0, 314.0]","[320.0, 310.0]","[223.0, 295.0]","[38.0, 333.0]",,,,,,,,,,,,,,,,,,,,,,
512,,,,,,,,,,,,,,,,,,,,,,,,,,,,,,,,,,,,,,,,,,,,,,,,,,,,,,,,,,,,,,,,,,,,,,,,"[7.0, 265.0]",,,"[222.0, 334.0]","[119.0, 313.0]","[320.0, 305.0]","[225.0, 292.0]","[38.0, 333.0]",,,,,,,,,,,,,,,,,,,,,,
513,,,,,,,,,,,,,,,,,,,,,,,,,,,,,,,,,,,,,,,,,,,,,,,,,,,,,,,,,,,,,,,,,,,,,,,,"[7.0, 265.0]",,,"[223.0, 330.0]","[121.0, 310.0]","[320.0, 300.0]","[227.0, 287.0]",,,,,,,,,,,,,,,,,,,,,,,
514,,,,,,,,,,,,,,,,,,,,,,,,,,,,,,,,,,,,,,,,,,,,,,,,,,,,,,,,,,,,,,,,,,,,,,,,"[5.0, 267.0]",,,"[223.0, 325.0]","[123.0, 305.0]","[319.0, 296.0]","[227.0, 286.0]",,"[259.0, 311.0]",,,,,,,,,,,,,,,,,,,,,
515,,,,,,,,,,,,,,,,,,,,,,,,,,,,,,,,,,,,,,,,,,,,,,,,,,,,,,,,,,,,,,,,,,,,,,,,"[5.0, 268.0]",,,"[225.0, 321.0]","[123.0, 304.0]","[319.0, 291.0]","[228.0, 281.0]",,"[259.0, 308.0]",,,,,,,,,,,,,,,,,,,,,
516,,,,,,,,,,,,,,,,,,,,,,,,,,,,,,,,,,,,,,,,,,,,,,,,,,,,,,,,,,,,,,,,,,,,,,,,,,,"[226.0, 317.0]","[127.0, 298.0]","[319.0, 287.0]","[229.0, 278.0]",,"[260.0, 304.0]",,,,,,,,,,,,,,,,,,,,,
517,,,,,,,,,,,,,,,,,,,,,,,,,,,,,,,,,,,,,,,,,,,,,,,,,,,,,,,,,,,,,,,,,,,,,,,,,,,"[227.0, 314.0]","[129.0, 295.0]","[319.0, 283.0]","[231.0, 276.0]",,"[260.0, 301.0]",,,,,,,,,,,,,,,,,,,,,
518,,,,,,,,,,,,,,,,,,,,,,,,,,,,,,,,,,,,,,,,,,,,,,,,,,,,,,,,,,,,,,,,,,,,,,,,,,,"[227.0, 310.0]","[131.0, 289.0]","[319.0, 279.0]","[231.0, 274.0]",,"[261.0, 296.0]",,,,,,,,,,,,,,,,,,,,,
519,,,,,,,,,,,,,,,,,,,,,,,,,,,,,,,,,,,,,,,,,,,,,,,,,,,,,,,,,,,,,,,,,,,,,,,,,,,"[229.0, 307.0]","[133.0, 285.0]","[319.0, 275.0]","[233.0, 272.0]",,"[261.0, 294.0]",,,,,,,,,,,,,,,,,,,,,
520,,,,,,,,,,,,,,,,,,,,,,,,,,,,,,,,,,,,,,,,,,,,,,,,,,,,,,,,,,,,,,,,,,,,,,,,,,,"[230.0, 304.0]","[135.0, 285.0]","[319.0, 271.0]","[239.0, 273.0]",,,,,,,,,,,,,,,,,,,,,,,
521,,,,,,,,,,,,,,,,,,,,,,,,,,,,,,,,,,,,,,,,,,,,,,,,,,,,,,,,,,,,,,,,,,,,,,,,,,,"[231.0, 300.0]","[138.0, 278.0]","[319.0, 267.0]","[241.0, 271.0]",,,,,,,,,,,,,,,,,,,,,,,
522,,,,,,,,,,,,,,,,,,,,,,,,,,,,,,,,,,,,,,,,,,,,,,,,,,,,,,,,,,,,,,,,,,,,,,,,,,,"[231.0, 296.0]","[137.0, 281.0]","[318.0, 264.0]","[242.0, 267.0]",,,,,,,,,,,,,,,,,,,,,,,
523,,,,,,,,,,,,,,,,,,,,,,,,,,,,,,,,,,,,,,,,,,,,,,,,,,,,,,,,,,,,,,,,,,,,,,,,,,,,"[139.0, 277.0]","[318.0, 260.0]","[242.0, 264.0]",,,,,,,,,,,,,,,,,,,,,,,
524,,,,,,,,,,,,,,,,,,,,,,,,,,,,,,,,,,,,,,,,,,,,,,,,,,,,,,,,,,,,,,,,,,,,,,,,,,,,"[141.0, 274.0]","[318.0, 257.0]","[243.0, 262.0]",,,"[233.0, 290.0]",,,,,,,,,,,,,,,,,,,,
525,,,,,,,,,,,,,,,,,,,,,,,,,,,,,,,,,,,,,,,,,,,,,,,,,,,,,,,,,,,,,,,,,,,,,,,,,,,,"[143.0, 271.0]","[318.0, 254.0]","[244.0, 260.0]",,,"[235.0, 287.0]",,,,,,,,,,,,,,,,,,,,
526,,,,,,,,,,,,,,,,,,,,,,,,,,,,,,,,,,,,,,,,,,,,,,,,,,,,,,,,,,,,,,,,,,,,,,,,,,,,"[145.0, 268.0]","[318.0, 251.0]","[246.0, 257.0]",,,"[234.0, 284.0]",,,,,,,,,,,,,,,,,,,,
527,,,,,,,,,,,,,,,,,,,,,,,,,,,,,,,,,,,,,,,,,,,,,,,,,,,,,,,,,,,,,,,,,,,,,,,,,,,,"[145.0, 267.0]","[318.0, 248.0]","[245.0, 259.0]",,,,,,,,,,,,,,,,,,,,,,,
528,,,,,,,,,,,,,,,,,,,,,,,,,,,,,,,,,,,,,,,,,,,,,,,,,,,,,,,,,,,,,,,,,,,,,,,,,,,,"[148.0, 263.0]","[318.0, 245.0]","[247.0, 257.0]",,,,,,,,,,,,,,,,,,,,,,,
529,,,,,,,,,,,,,,,,,,,,,,,,,,,,,,,,,,,,,,,,,,,,,,,,,,,,,,,,,,,,,,,,,,,,,,,,,,,,"[149.0, 261.0]","[318.0, 242.0]","[246.0, 255.0]",,,,,,,,,,,,,,,,,,,,,,,
530,,,,,,,,,,,,,,,,,,,,,,,,,,,,,,,,,,,,,,,,,,,,,,,,,,,,,,,,,,,,,,,,,,,,,,,,,,,,"[151.0, 256.0]","[318.0, 239.0]","[247.0, 252.0]",,,,,,,,,,,,,,,,,,,,,,,
531,,,,,,,,,,,,,,,,,,,,,,,,,,,,,,,,,,,,,,,,,,,,,,,,,,,,,,,,,,,,,,,,,,,,,,,,,,,,"[154.0, 252.0]","[318.0, 236.0]","[249.0, 250.0]",,,,,,,,,,,,,,,,,,,,,,,
532,,,,,,,,,,,,,,,,,,,,,,,,,,,,,,,,,,,,,,,,,,,,,,,,,,,,,,,,,,,,,,,,,,,,,,,,,,,,"[152.0, 255.0]","[317.0, 233.0]","[249.0, 248.0]",,,,,,,,,,,,,,,,,,,,,,,
533,,,,,,,,,,,,,,,,,,,,,,,,,,,,,,,,,,,,,,,,,,,,,,,,,,,,,,,,,,,,,,,,,,,,,,,,,,,,"[156.0, 250.0]","[317.0, 230.0]","[249.0, 246.0]",,,,,,,,,,,,,,,,,,,,,,,
534,,,,,,,,,,,,,,,,,,,,,,,,,,,,,,,,,,,,,,,,,,,,,,,,,,,,,,,,,,,,,,,,,,,,,,,,,,,,"[157.0, 246.0]","[317.0, 229.0]","[250.0, 243.0]",,,,,,,,,,,,,,,,,,,,,,,
535,,,,,,,,,,,,,,,,,,,,,,,,,,,,,,,,,,,,,,,,,,,,,,,,,,,,,,,,,,,,,,,,,,,,,,,,,,,,"[157.0, 247.0]","[317.0, 226.0]","[251.0, 241.0]",,,,,,,,,,,,,,,,,,,,,,,
536,,,,,,,,,,,,,,,,,,,,,,,,,,,,,,,,,,,,,,,,,,,,,,,,,,,,,,,,,,,,,,,,,,,,,,,,,,,,"[159.0, 242.0]",,"[252.0, 239.0]",,,,,,,,,,,,,,,,,,,,,,,
537,,,,,,,,,,,,,,,,,,,,,,,,,,,,,,,,,,,,,,,,,,,,,,,,,,,,,,,,,,,,,,,,,,,,,,,,,,,,"[160.0, 240.0]",,"[252.0, 237.0]",,,,,,,,,,,,,,,,,,,,,,,
538,,,,,,,,,,,,,,,,,,,,,,,,,,,,,,,,,,,,,,,,,,,,,,,,,,,,,,,,,,,,,,,,,,,,,,,,,,,,"[162.0, 237.0]",,"[253.0, 235.0]",,,,,,,,,,,,,,,,,,,,,,,
539,,,,,,,,,,,,,,,,,,,,,,,,,,,,,,,,,,,,,,,,,,,,,,,,,,,,,,,,,,,,,,,,,,,,,,,,,,,,"[162.0, 236.0]",,"[253.0, 233.0]",,,,,,,,,,,,,,,,,,,,,,,
540,,,,,,,,,,,,,,,,,,,,,,,,,,,,,,,,,,,,,,,,,,,,,,,,,,,,,,,,,,,,,,,,,,,,,,,,,,,,"[165.0, 233.0]",,"[254.0, 231.0]",,,,"[106.0, 242.0]",,,,,,,,,,,,,,,,,,,
541,,,,,,,,,,,,,,,,,,,,,,,,,,,,,,,,,,,,,,,,,,,,,,,,,,,,,,,,,,,,,,,,,,,,,,,,,,,,"[166.0, 232.0]",,"[255.0, 229.0]",,,,"[108.0, 238.0]",,,,,,,,,,,,,,,,,,,
542,,,,,,,,,,,,,,,,,,,,,,,,,,,,,,,,,,,,,,,,,,,,,,,,,,,,,,,,,,,,,,,,,,,,,,,,,,,,"[166.0, 231.0]",,"[256.0, 227.0]",,,,"[109.0, 238.0]",,,,,,,,,,,,,,,,,,,
543,,,,,,,,,,,,,,,,,,,,,,,,,,,,,,,,,,,,,,,,,,,,,,,,,,,,,,,,,,,,,,,,,,,,,,,,,,,,"[170.0, 227.0]",,,,,,"[110.0, 234.0]",,,,,,,,,,,,,,,,,,,
544,,,,,,,,,,,,,,,,,,,,,,,,,,,,,,,,,,,,,,,,,,,,,,,,,,,,,,,,,,,,,,,,,,,,,,,,,,,,,,,,,,"[111.0, 235.0]",,,,,,,,,,,,,,,,,,,
545,,,,,,,,,,,,,,,,,,,,,,,,,,,,,,,,,,,,,,,,,,,,,,,,,,,,,,,,,,,,,,,,,,,,,,,,,,,,,,,,,,"[112.0, 235.0]",,,,,,,,,,,,,,,,,,,
546,,,,,,,,,,,,,,,,,,,,,,,,,,,,,,,,,,,,,,,,,,,,,,,,,,,,,,,,,,,,,,,,,,,,,,,,,,,,,,,,,,,,,,,,,,,,,,,,,,,,,
547,,,,,,,,,,,,,,,,,,,,,,,,,,,,,,,,,,,,,,,,,,,,,,,,,,,,,,,,,,,,,,,,,,,,,,,,,,,,,,,,,,,,,,,,,,,,,,,,,,,,,
548,,,,,,,,,,,,,,,,,,,,,,,,,,,,,,,,,,,,,,,,,,,,,,,,,,,,,,,,,,,,,,,,,,,,,,,,,,,,,,,,,,,,,,,,,,,,,,,,,,,,,
549,,,,,,,,,,,,,,,,,,,,,,,,,,,,,,,,,,,,,,,,,,,,,,,,,,,,,,,,,,,,,,,,,,,,,,,,,,,,,,,,,,,,,,,,,,,,,,,,,,,,,
550,,,,,,,,,,,,,,,,,,,,,,,,,,,,,,,,,,,,,,,,,,,,,,,,,,,,,,,,,,,,,,,,,,,,,,,,,,,,,,,,,,,,,,,,,,,,,,,,,,,,,
551,,,,,,,,,,,,,,,,,,,,,,,,,,,,,,,,,,,,,,,,,,,,,,,,,,,,,,,,,,,,,,,,,,,,,,,,,,,,,,,,,,,"[37.0, 229.0]",,,,,,,,,,,,,,,,,,
552,,,,,,,,,,,,,,,,,,,,,,,,,,,,,,,,,,,,,,,,,,,,,,,,,,,,,,,,,,,,,,,,,,,,,,,,,,,,,,,,,,,"[34.0, 230.0]",,,,,,,,,,,,,,,,,,
553,,,,,,,,,,,,,,,,,,,,,,,,,,,,,,,,,,,,,,,,,,,,,,,,,,,,,,,,,,,,,,,,,,,,,,,,,,,,,,,,,,,"[34.0, 234.0]",,,,,,,,,,,,,,,,,,
554,,,,,,,,,,,,,,,,,,,,,,,,,,,,,,,,,,,,,,,,,,,,,,,,,,,,,,,,,,,,,,,,,,,,,,,,,,,,,,,,,,,"[32.0, 233.0]",,,,,,,,,,,,,,,,,,
555,,,,,,,,,,,,,,,,,,,,,,,,,,,,,,,,,,,,,,,,,,,,,,,,,,,,,,,,,,,,,,,,,,,,,,,,,,,,,,,,,,,"[30.0, 234.0]",,,,,,,,,,,,,,,,,,
556,,,,,,,,,,,,,,,,,,,,,,,,,,,,,,,,,,,,,,,,,,,,,,,,,,,,,,,,,,,,,,,,,,,,,,,,,,,,,,,,,,,"[34.0, 233.0]",,,,,,,,,,,,,,,,,,
557,,,,,,,,,,,,,,,,,,,,,,,,,,,,,,,,,,,,,,,,,,,,,,,,,,,,,,,,,,,,,,,,,,,,,,,,,,,,,,,,,,,"[30.0, 234.0]","[411.0, 352.0]",,,,,,,,,,,,,,,,,
558,,,,,,,,,,,,,,,,,,,,,,,,,,,,,,,,,,,,,,,,,,,,,,,,,,,,,,,,,,,,,,,,,,,,,,,,,,,,,,,,,,,"[33.0, 227.0]","[411.0, 349.0]",,,,,,,,,,,,,,,,,
559,,,,,,,,,,,,,,,,,,,,,,,,,,,,,,,,,,,,,,,,,,,,,,,,,,,,,,,,,,,,,,,,,,,,,,,,,,,,,,,,,,,"[31.0, 230.0]","[408.0, 346.0]",,,,,,,,,,,,,,,,,
560,,,,,,,,,,,,,,,,,,,,,,,,,,,,,,,,,,,,,,,,,,,,,,,,,,,,,,,,,,,,,,,,,,,,,,,,,,,,,,,,,,,"[30.0, 230.0]","[407.0, 342.0]",,,,,,,,,,,,,,,,,
561,,,,,,,,,,,,,,,,,,,,,,,,,,,,,,,,,,,,,,,,,,,,,,,,,,,,,,,,,,,,,,,,,,,,,,,,,,,,,,,,,,,"[28.0, 231.0]","[407.0, 339.0]",,,,,,,,,,,,,,,,,
562,,,,,,,,,,,,,,,,,,,,,,,,,,,,,,,,,,,,,,,,,,,,,,,,,,,,,,,,,,,,,,,,,,,,,,,,,,,,,,,,,,,"[30.0, 230.0]","[406.0, 336.0]",,,,,,,,,,,,,,,,,
563,,,,,,,,,,,,,,,,,,,,,,,,,,,,,,,,,,,,,,,,,,,,,,,,,,,,,,,,,,,,,,,,,,,,,,,,,,,,,,,,,,,"[28.0, 232.0]","[406.0, 334.0]",,,,,,,,,,,,,,,,,
564,,,,,,,,,,,,,,,,,,,,,,,,,,,,,,,,,,,,,,,,,,,,,,,,,,,,,,,,,,,,,,,,,,,,,,,,,,,,,,,,,,,"[27.0, 233.0]","[406.0, 331.0]","[612.0, 352.0]",,,,,,,,,,,,,,,,
565,,,,,,,,,,,,,,,,,,,,,,,,,,,,,,,,,,,,,,,,,,,,,,,,,,,,,,,,,,,,,,,,,,,,,,,,,,,,,,,,,,,"[25.0, 235.0]","[405.0, 327.0]","[607.0, 348.0]",,,,,,,,,,,,,,,,
566,,,,,,,,,,,,,,,,,,,,,,,,,,,,,,,,,,,,,,,,,,,,,,,,,,,,,,,,,,,,,,,,,,,,,,,,,,,,,,,,,,,"[27.0, 235.0]","[404.0, 322.0]","[603.0, 346.0]",,,,,,,,,,,,,,,,
567,,,,,,,,,,,,,,,,,,,,,,,,,,,,,,,,,,,,,,,,,,,,,,,,,,,,,,,,,,,,,,,,,,,,,,,,,,,,,,,,,,,"[26.0, 236.0]","[405.0, 321.0]","[601.0, 343.0]",,,,,,,,,,,,,,,,
568,,,,,,,,,,,,,,,,,,,,,,,,,,,,,,,,,,,,,,,,,,,,,,,,,,,,,,,,,,,,,,,,,,,,,,,,,,,,,,,,,,,"[25.0, 236.0]","[405.0, 318.0]","[600.0, 341.0]",,,,,,,,,,,,,,,,
569,,,,,,,,,,,,,,,,,,,,,,,,,,,,,,,,,,,,,,,,,,,,,,,,,,,,,,,,,,,,,,,,,,,,,,,,,,,,,,,,,,,"[24.0, 237.0]","[403.0, 311.0]","[598.0, 338.0]",,,,,,,,,,,,,,,,
570,,,,,,,,,,,,,,,,,,,,,,,,,,,,,,,,,,,,,,,,,,,,,,,,,,,,,,,,,,,,,,,,,,,,,,,,,,,,,,,,,,,"[24.0, 238.0]","[402.0, 305.0]","[596.0, 335.0]","[189.0, 354.0]",,,,,,,,,,,,,,,
571,,,,,,,,,,,,,,,,,,,,,,,,,,,,,,,,,,,,,,,,,,,,,,,,,,,,,,,,,,,,,,,,,,,,,,,,,,,,,,,,,,,"[22.0, 238.0]","[400.0, 299.0]","[593.0, 332.0]","[190.0, 352.0]",,,,,,,,,,,,,,,
572,,,,,,,,,,,,,,,,,,,,,,,,,,,,,,,,,,,,,,,,,,,,,,,,,,,,,,,,,,,,,,,,,,,,,,,,,,,,,,,,,,,"[21.0, 239.0]","[399.0, 294.0]","[587.0, 327.0]","[193.0, 349.0]",,,,,,,,,,,,,,,
573,,,,,,,,,,,,,,,,,,,,,,,,,,,,,,,,,,,,,,,,,,,,,,,,,,,,,,,,,,,,,,,,,,,,,,,,,,,,,,,,,,,"[22.0, 240.0]","[397.0, 288.0]","[581.0, 320.0]","[194.0, 347.0]",,,,,,,,,,,,,,,
574,,,,,,,,,,,,,,,,,,,,,,,,,,,,,,,,,,,,,,,,,,,,,,,,,,,,,,,,,,,,,,,,,,,,,,,,,,,,,,,,,,,"[21.0, 240.0]","[396.0, 283.0]","[575.0, 314.0]","[194.0, 344.0]","[613.0, 353.0]",,,,,,,,,,,,,,
575,,,,,,,,,,,,,,,,,,,,,,,,,,,,,,,,,,,,,,,,,,,,,,,,,,,,,,,,,,,,,,,,,,,,,,,,,,,,,,,,,,,"[13.0, 254.0]","[395.0, 278.0]","[569.0, 309.0]","[195.0, 342.0]","[609.0, 349.0]","[30.0, 226.0]",,,,,,,,,,,,,
576,,,,,,,,,,,,,,,,,,,,,,,,,,,,,,,,,,,,,,,,,,,,,,,,,,,,,,,,,,,,,,,,,,,,,,,,,,,,,,,,,,,"[22.0, 240.0]","[394.0, 273.0]","[565.0, 302.0]","[197.0, 338.0]","[603.0, 343.0]","[22.0, 240.0]",,,,,,,,,,,,,
577,,,,,,,,,,,,,,,,,,,,,,,,,,,,,,,,,,,,,,,,,,,,,,,,,,,,,,,,,,,,,,,,,,,,,,,,,,,,,,,,,,,"[21.0, 242.0]","[392.0, 268.0]","[560.0, 296.0]","[203.0, 339.0]","[597.0, 336.0]","[21.0, 242.0]",,,,,,,,,,,,,
578,,,,,,,,,,,,,,,,,,,,,,,,,,,,,,,,,,,,,,,,,,,,,,,,,,,,,,,,,,,,,,,,,,,,,,,,,,,,,,,,,,,"[20.0, 242.0]","[391.0, 263.0]","[556.0, 292.0]","[205.0, 335.0]","[591.0, 330.0]","[20.0, 242.0]",,,,,,,,,,,,,
579,,,,,,,,,,,,,,,,,,,,,,,,,,,,,,,,,,,,,,,,,,,,,,,,,,,,,,,,,,,,,,,,,,,,,,,,,,,,,,,,,,,"[20.0, 241.0]","[390.0, 259.0]","[551.0, 287.0]","[208.0, 330.0]","[585.0, 324.0]","[20.0, 241.0]",,,,,,,,,,,,,
580,,,,,,,,,,,,,,,,,,,,,,,,,,,,,,,,,,,,,,,,,,,,,,,,,,,,,,,,,,,,,,,,,,,,,,,,,,,,,,,,,,,"[19.0, 242.0]","[389.0, 255.0]","[547.0, 282.0]","[207.0, 330.0]","[580.0, 317.0]","[19.0, 242.0]",,,,,,,,,,,,,
581,,,,,,,,,,,,,,,,,,,,,,,,,,,,,,,,,,,,,,,,,,,,,,,,,,,,,,,,,,,,,,,,,,,,,,,,,,,,,,,,,,,"[19.0, 242.0]","[388.0, 250.0]","[551.0, 286.0]","[210.0, 322.0]",,"[19.0, 242.0]",,,,,,,,,,,,,
582,,,,,,,,,,,,,,,,,,,,,,,,,,,,,,,,,,,,,,,,,,,,,,,,,,,,,,,,,,,,,,,,,,,,,,,,,,,,,,,,,,,"[24.0, 230.0]","[387.0, 246.0]","[546.0, 281.0]","[212.0, 317.0]",,"[24.0, 230.0]","[11.0, 259.0]",,,,,,,,,,,,
583,,,,,,,,,,,,,,,,,,,,,,,,,,,,,,,,,,,,,,,,,,,,,,,,,,,,,,,,,,,,,,,,,,,,,,,,,,,,,,,,,,,"[23.0, 232.0]","[386.0, 242.0]","[542.0, 277.0]","[213.0, 313.0]",,"[23.0, 232.0]","[12.0, 259.0]",,,,,,,,,,,,
584,,,,,,,,,,,,,,,,,,,,,,,,,,,,,,,,,,,,,,,,,,,,,,,,,,,,,,,,,,,,,,,,,,,,,,,,,,,,,,,,,,,"[22.0, 233.0]","[385.0, 238.0]","[530.0, 263.0]","[215.0, 310.0]",,"[22.0, 233.0]","[11.0, 259.0]","[561.0, 295.0]",,,,,,,,,,,
585,,,,,,,,,,,,,,,,,,,,,,,,,,,,,,,,,,,,,,,,,,,,,,,,,,,,,,,,,,,,,,,,,,,,,,,,,,,,,,,,,,,"[22.0, 233.0]","[385.0, 234.0]","[534.0, 268.0]","[216.0, 305.0]",,"[22.0, 233.0]","[11.0, 259.0]",,,,,,,,,,,,
586,,,,,,,,,,,,,,,,,,,,,,,,,,,,,,,,,,,,,,,,,,,,,,,,,,,,,,,,,,,,,,,,,,,,,,,,,,,,,,,,,,,"[17.0, 244.0]","[384.0, 231.0]","[531.0, 263.0]","[220.0, 301.0]",,"[17.0, 244.0]","[17.0, 244.0]",,,,,,,,,,,,
587,,,,,,,,,,,,,,,,,,,,,,,,,,,,,,,,,,,,,,,,,,,,,,,,,,,,,,,,,,,,,,,,,,,,,,,,,,,,,,,,,,,"[19.0, 235.0]","[383.0, 227.0]","[527.0, 259.0]","[218.0, 298.0]",,"[19.0, 235.0]","[19.0, 235.0]",,"[9.0, 261.0]",,,,,,,,,,
588,,,,,,,,,,,,,,,,,,,,,,,,,,,,,,,,,,,,,,,,,,,,,,,,,,,,,,,,,,,,,,,,,,,,,,,,,,,,,,,,,,,"[20.0, 235.0]",,"[524.0, 256.0]","[223.0, 293.0]",,"[20.0, 235.0]","[20.0, 235.0]",,"[9.0, 262.0]",,,,,,,,,,
589,,,,,,,,,,,,,,,,,,,,,,,,,,,,,,,,,,,,,,,,,,,,,,,,,,,,,,,,,,,,,,,,,,,,,,,,,,,,,,,,,,,"[15.0, 246.0]",,"[520.0, 252.0]","[223.0, 291.0]",,"[15.0, 246.0]","[15.0, 246.0]",,"[15.0, 246.0]",,,,,,,,,,
590,,,,,,,,,,,,,,,,,,,,,,,,,,,,,,,,,,,,,,,,,,,,,,,,,,,,,,,,,,,,,,,,,,,,,,,,,,,,,,,,,,,"[14.0, 247.0]",,"[510.0, 239.0]","[225.0, 287.0]",,"[14.0, 247.0]","[14.0, 247.0]",,"[14.0, 247.0]","[536.0, 268.0]",,,,,,,,,
591,,,,,,,,,,,,,,,,,,,,,,,,,,,,,,,,,,,,,,,,,,,,,,,,,,,,,,,,,,,,,,,,,,,,,,,,,,,,,,,,,,,"[13.0, 248.0]",,"[506.0, 235.0]","[226.0, 284.0]",,"[13.0, 248.0]","[13.0, 248.0]",,"[13.0, 248.0]","[531.0, 264.0]",,,,,,,,,
592,,,,,,,,,,,,,,,,,,,,,,,,,,,,,,,,,,,,,,,,,,,,,,,,,,,,,,,,,,,,,,,,,,,,,,,,,,,,,,,,,,,"[12.0, 248.0]",,"[503.0, 232.0]","[228.0, 280.0]",,"[12.0, 248.0]","[12.0, 248.0]",,"[12.0, 248.0]","[528.0, 260.0]",,,,,,,,,
593,,,,,,,,,,,,,,,,,,,,,,,,,,,,,,,,,,,,,,,,,,,,,,,,,,,,,,,,,,,,,,,,,,,,,,,,,,,,,,,,,,,"[15.0, 238.0]",,"[500.0, 229.0]","[228.0, 277.0]",,"[15.0, 238.0]","[15.0, 238.0]",,"[15.0, 238.0]","[525.0, 256.0]","[7.0, 264.0]",,,,,,,,
594,,,,,,,,,,,,,,,,,,,,,,,,,,,,,,,,,,,,,,,,,,,,,,,,,,,,,,,,,,,,,,,,,,,,,,,,,,,,,,,,,,,"[12.0, 248.0]",,"[521.0, 252.0]","[229.0, 275.0]",,"[12.0, 248.0]","[12.0, 248.0]",,"[12.0, 248.0]","[521.0, 252.0]","[12.0, 248.0]",,,,,,,,
595,,,,,,,,,,,,,,,,,,,,,,,,,,,,,,,,,,,,,,,,,,,,,,,,,,,,,,,,,,,,,,,,,,,,,,,,,,,,,,,,,,,"[12.0, 248.0]",,"[518.0, 248.0]","[230.0, 271.0]",,"[12.0, 248.0]","[12.0, 248.0]",,"[12.0, 248.0]","[518.0, 248.0]","[12.0, 248.0]",,,,,,,,
596,,,,,,,,,,,,,,,,,,,,,,,,,,,,,,,,,,,,,,,,,,,,,,,,,,,,,,,,,,,,,,,,,,,,,,,,,,,,,,,,,,,"[11.0, 249.0]",,"[514.0, 245.0]","[231.0, 269.0]",,"[11.0, 249.0]","[11.0, 249.0]",,"[11.0, 249.0]","[514.0, 245.0]","[11.0, 249.0]","[300.0, 349.0]","[333.0, 349.0]",,,,,,
597,,,,,,,,,,,,,,,,,,,,,,,,,,,,,,,,,,,,,,,,,,,,,,,,,,,,,,,,,,,,,,,,,,,,,,,,,,,,,,,,,,,"[13.0, 247.0]",,"[511.0, 241.0]","[232.0, 266.0]",,"[13.0, 247.0]","[13.0, 247.0]",,"[13.0, 247.0]","[511.0, 241.0]","[13.0, 247.0]","[300.0, 343.0]","[331.0, 347.0]",,,,,,
598,,,,,,,,,,,,,,,,,,,,,,,,,,,,,,,,,,,,,,,,,,,,,,,,,,,,,,,,,,,,,,,,,,,,,,,,,,,,,,,,,,,"[12.0, 248.0]",,"[508.0, 238.0]","[233.0, 263.0]",,"[12.0, 248.0]","[12.0, 248.0]",,"[12.0, 248.0]","[508.0, 238.0]","[12.0, 248.0]","[300.0, 336.0]","[330.0, 346.0]",,,,,,
599,,,,,,,,,,,,,,,,,,,,,,,,,,,,,,,,,,,,,,,,,,,,,,,,,,,,,,,,,,,,,,,,,,,,,,,,,,,,,,,,,,,"[11.0, 249.0]",,"[506.0, 234.0]","[234.0, 260.0]",,"[11.0, 249.0]","[11.0, 249.0]",,"[11.0, 249.0]","[506.0, 234.0]","[11.0, 249.0]","[300.0, 330.0]","[331.0, 342.0]",,,,,,
600,,,,,,,,,,,,,,,,,,,,,,,,,,,,,,,,,,,,,,,,,,,,,,,,,,,,,,,,,,,,,,,,,,,,,,,,,,,,,,,,,,,"[13.0, 242.0]",,"[503.0, 231.0]","[235.0, 258.0]",,"[13.0, 242.0]","[13.0, 242.0]",,"[13.0, 242.0]","[503.0, 231.0]","[13.0, 242.0]","[300.0, 324.0]","[331.0, 339.0]",,,,,,
601,,,,,,,,,,,,,,,,,,,,,,,,,,,,,,,,,,,,,,,,,,,,,,,,,,,,,,,,,,,,,,,,,,,,,,,,,,,,,,,,,,,"[13.0, 242.0]",,"[500.0, 228.0]","[236.0, 255.0]",,"[13.0, 242.0]","[13.0, 242.0]",,"[13.0, 242.0]","[500.0, 228.0]","[13.0, 242.0]",,"[327.0, 339.0]",,,,,,
602,,,,,,,,,,,,,,,,,,,,,,,,,,,,,,,,,,,,,,,,,,,,,,,,,,,,,,,,,,,,,,,,,,,,,,,,,,,,,,,,,,,"[10.0, 248.0]",,,"[235.0, 253.0]",,"[10.0, 248.0]","[10.0, 248.0]",,"[10.0, 248.0]",,"[10.0, 248.0]",,"[325.0, 338.0]",,,,,,
603,,,,,,,,,,,,,,,,,,,,,,,,,,,,,,,,,,,,,,,,,,,,,,,,,,,,,,,,,,,,,,,,,,,,,,,,,,,,,,,,,,,"[13.0, 242.0]",,,"[237.0, 250.0]",,"[13.0, 242.0]","[13.0, 242.0]",,"[13.0, 242.0]",,"[13.0, 242.0]",,"[324.0, 336.0]",,,,,,
604,,,,,,,,,,,,,,,,,,,,,,,,,,,,,,,,,,,,,,,,,,,,,,,,,,,,,,,,,,,,,,,,,,,,,,,,,,,,,,,,,,,"[13.0, 243.0]",,,"[237.0, 249.0]",,"[13.0, 243.0]","[13.0, 243.0]",,"[13.0, 243.0]",,"[13.0, 243.0]",,"[321.0, 329.0]",,,,,,
605,,,,,,,,,,,,,,,,,,,,,,,,,,,,,,,,,,,,,,,,,,,,,,,,,,,,,,,,,,,,,,,,,,,,,,,,,,,,,,,,,,,"[10.0, 248.0]",,,"[237.0, 246.0]",,"[10.0, 248.0]","[10.0, 248.0]",,"[10.0, 248.0]",,"[10.0, 248.0]",,"[323.0, 328.0]",,,,,,
606,,,,,,,,,,,,,,,,,,,,,,,,,,,,,,,,,,,,,,,,,,,,,,,,,,,,,,,,,,,,,,,,,,,,,,,,,,,,,,,,,,,"[10.0, 248.0]",,,"[239.0, 244.0]",,"[10.0, 248.0]","[10.0, 248.0]",,"[10.0, 248.0]",,"[10.0, 248.0]",,"[323.0, 323.0]",,,,,,
607,,,,,,,,,,,,,,,,,,,,,,,,,,,,,,,,,,,,,,,,,,,,,,,,,,,,,,,,,,,,,,,,,,,,,,,,,,,,,,,,,,,"[10.0, 248.0]",,,"[240.0, 241.0]",,"[10.0, 248.0]","[10.0, 248.0]",,"[10.0, 248.0]",,"[10.0, 248.0]",,"[323.0, 317.0]",,,,,,
608,,,,,,,,,,,,,,,,,,,,,,,,,,,,,,,,,,,,,,,,,,,,,,,,,,,,,,,,,,,,,,,,,,,,,,,,,,,,,,,,,,,"[9.0, 249.0]",,,"[241.0, 239.0]",,"[9.0, 249.0]","[9.0, 249.0]",,"[9.0, 249.0]",,"[9.0, 249.0]",,"[323.0, 312.0]",,,,,,
609,,,,,,,,,,,,,,,,,,,,,,,,,,,,,,,,,,,,,,,,,,,,,,,,,,,,,,,,,,,,,,,,,,,,,,,,,,,,,,,,,,,"[9.0, 250.0]",,,"[242.0, 236.0]",,"[9.0, 250.0]","[9.0, 250.0]",,"[9.0, 250.0]",,"[9.0, 250.0]",,"[323.0, 307.0]",,,,,,
610,,,,,,,,,,,,,,,,,,,,,,,,,,,,,,,,,,,,,,,,,,,,,,,,,,,,,,,,,,,,,,,,,,,,,,,,,,,,,,,,,,,"[10.0, 247.0]",,,"[242.0, 234.0]",,"[10.0, 247.0]","[10.0, 247.0]",,"[10.0, 247.0]",,"[10.0, 247.0]",,"[323.0, 302.0]","[101.0, 349.0]",,,,,
611,,,,,,,,,,,,,,,,,,,,,,,,,,,,,,,,,,,,,,,,,,,,,,,,,,,,,,,,,,,,,,,,,,,,,,,,,,,,,,,,,,,"[9.0, 250.0]",,,"[243.0, 232.0]",,"[9.0, 250.0]","[9.0, 250.0]",,"[9.0, 250.0]",,"[9.0, 250.0]",,"[322.0, 297.0]","[100.0, 347.0]",,,,,
612,,,,,,,,,,,,,,,,,,,,,,,,,,,,,,,,,,,,,,,,,,,,,,,,,,,,,,,,,,,,,,,,,,,,,,,,,,,,,,,,,,,"[9.0, 249.0]",,,"[244.0, 230.0]",,"[9.0, 249.0]","[9.0, 249.0]",,"[9.0, 249.0]",,"[9.0, 249.0]",,"[322.0, 292.0]","[100.0, 346.0]",,,,,
613,,,,,,,,,,,,,,,,,,,,,,,,,,,,,,,,,,,,,,,,,,,,,,,,,,,,,,,,,,,,,,,,,,,,,,,,,,,,,,,,,,,"[9.0, 249.0]",,,"[245.0, 228.0]",,"[9.0, 249.0]","[9.0, 249.0]",,"[9.0, 249.0]",,"[9.0, 249.0]",,"[322.0, 287.0]","[100.0, 345.0]",,,,,
614,,,,,,,,,,,,,,,,,,,,,,,,,,,,,,,,,,,,,,,,,,,,,,,,,,,,,,,,,,,,,,,,,,,,,,,,,,,,,,,,,,,"[9.0, 248.0]",,,,,"[9.0, 248.0]","[9.0, 248.0]",,"[9.0, 248.0]",,"[9.0, 248.0]",,"[322.0, 283.0]","[102.0, 341.0]",,,,,
615,,,,,,,,,,,,,,,,,,,,,,,,,,,,,,,,,,,,,,,,,,,,,,,,,,,,,,,,,,,,,,,,,,,,,,,,,,,,,,,,,,,"[7.0, 250.0]",,,,,"[7.0, 250.0]","[7.0, 250.0]",,"[7.0, 250.0]",,"[7.0, 250.0]",,"[322.0, 278.0]","[105.0, 338.0]",,,,,
616,,,,,,,,,,,,,,,,,,,,,,,,,,,,,,,,,,,,,,,,,,,,,,,,,,,,,,,,,,,,,,,,,,,,,,,,,,,,,,,,,,,"[9.0, 250.0]",,,,,"[9.0, 250.0]","[9.0, 250.0]",,"[9.0, 250.0]",,"[9.0, 250.0]",,"[322.0, 274.0]","[103.0, 337.0]",,,,,
617,,,,,,,,,,,,,,,,,,,,,,,,,,,,,,,,,,,,,,,,,,,,,,,,,,,,,,,,,,,,,,,,,,,,,,,,,,,,,,,,,,,"[7.0, 250.0]",,,,,"[7.0, 250.0]","[7.0, 250.0]",,"[7.0, 250.0]",,"[7.0, 250.0]",,"[321.0, 270.0]","[109.0, 331.0]",,,,,
618,,,,,,,,,,,,,,,,,,,,,,,,,,,,,,,,,,,,,,,,,,,,,,,,,,,,,,,,,,,,,,,,,,,,,,,,,,,,,,,,,,,,,,,,,,,,,,,"[321.0, 265.0]","[105.0, 335.0]",,,,,
619,,,,,,,,,,,,,,,,,,,,,,,,,,,,,,,,,,,,,,,,,,,,,,,,,,,,,,,,,,,,,,,,,,,,,,,,,,,,,,,,,,,,,,,,,,,,,,,"[321.0, 262.0]","[112.0, 325.0]","[186.0, 354.0]","[94.0, 352.0]",,,
620,,,,,,,,,,,,,,,,,,,,,,,,,,,,,,,,,,,,,,,,,,,,,,,,,,,,,,,,,,,,,,,,,,,,,,,,,,,,,,,,,,,,,,,,,,,,,,,"[321.0, 258.0]","[113.0, 322.0]","[183.0, 351.0]","[96.0, 351.0]",,,
621,,,,,,,,,,,,,,,,,,,,,,,,,,,,,,,,,,,,,,,,,,,,,,,,,,,,,,,,,,,,,,,,,,,,,,,,,,,,,,,,,,,,,,,,,,,,,,,"[321.0, 254.0]","[115.0, 319.0]","[186.0, 350.0]","[99.0, 349.0]",,,
622,,,,,,,,,,,,,,,,,,,,,,,,,,,,,,,,,,,,,,,,,,,,,,,,,,,,,,,,,,,,,,,,,,,,,,,,,,,,,,,,,,,,,,,,,,,,,,,"[321.0, 250.0]","[119.0, 314.0]","[186.0, 348.0]","[100.0, 346.0]",,,
623,,,,,,,,,,,,,,,,,,,,,,,,,,,,,,,,,,,,,,,,,,,,,,,,,,,,,,,,,,,,,,,,,,,,,,,,,,,,,,,,,,,,,,,,,,,,,,,"[321.0, 247.0]","[120.0, 312.0]","[186.0, 346.0]","[102.0, 344.0]",,,
624,,,,,,,,,,,,,,,,,,,,,,,,,,,,,,,,,,,,,,,,,,,,,,,,,,,,,,,,,,,,,,,,,,,,,,,,,,,,,,,,,,,,,,,,,,,,,,,"[320.0, 244.0]","[120.0, 311.0]","[187.0, 343.0]","[104.0, 342.0]",,,
625,,,,,,,,,,,,,,,,,,,,,,,,,,,,,,,,,,,,,,,,,,,,,,,,,,,,,,,,,,,,,,,,,,,,,,,,,,,,,,,,,,,,,,,,,,,,,,,"[321.0, 240.0]","[113.0, 324.0]","[187.0, 341.0]","[113.0, 324.0]",,,
626,,,,,,,,,,,,,,,,,,,,,,,,,,,,,,,,,,,,,,,,,,,,,,,,,,,,,,,,,,,,,,,,,,,,,,,,,,,,,,,,,,,,,,,,,,,,,,,"[321.0, 237.0]","[115.0, 322.0]","[188.0, 339.0]","[115.0, 322.0]",,,
627,,,,,,,,,,,,,,,,,,,,,,,,,,,,,,,,,,,,,,,,,,,,,,,,,,,,,,,,,,,,,,,,,,,,,,,,,,,,,,,,,,,,,,,,,,,,,,,"[320.0, 234.0]","[110.0, 333.0]","[189.0, 336.0]","[110.0, 333.0]","[127.0, 301.0]",,
628,,,,,,,,,,,,,,,,,,,,,,,,,,,,,,,,,,,,,,,,,,,,,,,,,,,,,,,,,,,,,,,,,,,,,,,,,,,,,,,,,,,,,,,,,,,,,,,"[320.0, 231.0]","[112.0, 331.0]","[191.0, 333.0]","[112.0, 331.0]","[125.0, 301.0]",,
629,,,,,,,,,,,,,,,,,,,,,,,,,,,,,,,,,,,,,,,,,,,,,,,,,,,,,,,,,,,,,,,,,,,,,,,,,,,,,,,,,,,,,,,,,,,,,,,"[320.0, 229.0]","[112.0, 327.0]","[192.0, 332.0]","[112.0, 327.0]","[126.0, 299.0]","[226.0, 334.0]",
630,,,,,,,,,,,,,,,,,,,,,,,,,,,,,,,,,,,,,,,,,,,,,,,,,,,,,,,,,,,,,,,,,,,,,,,,,,,,,,,,,,,,,,,,,,,,,,,"[320.0, 226.0]","[114.0, 324.0]","[195.0, 331.0]","[114.0, 324.0]","[127.0, 297.0]","[227.0, 330.0]",
631,,,,,,,,,,,,,,,,,,,,,,,,,,,,,,,,,,,,,,,,,,,,,,,,,,,,,,,,,,,,,,,,,,,,,,,,,,,,,,,,,,,,,,,,,,,,,,,,"[120.0, 310.0]","[202.0, 330.0]","[120.0, 310.0]","[120.0, 310.0]",,
632,,,,,,,,,,,,,,,,,,,,,,,,,,,,,,,,,,,,,,,,,,,,,,,,,,,,,,,,,,,,,,,,,,,,,,,,,,,,,,,,,,,,,,,,,,,,,,,,"[118.0, 320.0]","[204.0, 327.0]","[118.0, 320.0]","[118.0, 320.0]",,"[126.0, 291.0]"
633,,,,,,,,,,,,,,,,,,,,,,,,,,,,,,,,,,,,,,,,,,,,,,,,,,,,,,,,,,,,,,,,,,,,,,,,,,,,,,,,,,,,,,,,,,,,,,,,"[118.0, 316.0]","[206.0, 323.0]","[118.0, 316.0]","[118.0, 316.0]",,"[128.0, 289.0]"
634,,,,,,,,,,,,,,,,,,,,,,,,,,,,,,,,,,,,,,,,,,,,,,,,,,,,,,,,,,,,,,,,,,,,,,,,,,,,,,,,,,,,,,,,,,,,,,,,"[120.0, 314.0]","[208.0, 319.0]","[120.0, 314.0]","[120.0, 314.0]",,"[129.0, 287.0]"
635,,,,,,,,,,,,,,,,,,,,,,,,,,,,,,,,,,,,,,,,,,,,,,,,,,,,,,,,,,,,,,,,,,,,,,,,,,,,,,,,,,,,,,,,,,,,,,,,"[122.0, 311.0]","[209.0, 315.0]","[122.0, 311.0]","[122.0, 311.0]",,"[132.0, 285.0]"
636,,,,,,,,,,,,,,,,,,,,,,,,,,,,,,,,,,,,,,,,,,,,,,,,,,,,,,,,,,,,,,,,,,,,,,,,,,,,,,,,,,,,,,,,,,,,,,,,"[124.0, 309.0]","[210.0, 311.0]","[124.0, 309.0]","[124.0, 309.0]",,"[132.0, 283.0]"
637,,,,,,,,,,,,,,,,,,,,,,,,,,,,,,,,,,,,,,,,,,,,,,,,,,,,,,,,,,,,,,,,,,,,,,,,,,,,,,,,,,,,,,,,,,,,,,,,"[130.0, 295.0]","[210.0, 308.0]","[130.0, 295.0]","[130.0, 295.0]",,"[130.0, 295.0]"
638,,,,,,,,,,,,,,,,,,,,,,,,,,,,,,,,,,,,,,,,,,,,,,,,,,,,,,,,,,,,,,,,,,,,,,,,,,,,,,,,,,,,,,,,,,,,,,,,"[133.0, 291.0]","[212.0, 304.0]","[133.0, 291.0]","[133.0, 291.0]",,"[133.0, 291.0]"
639,,,,,,,,,,,,,,,,,,,,,,,,,,,,,,,,,,,,,,,,,,,,,,,,,,,,,,,,,,,,,,,,,,,,,,,,,,,,,,,,,,,,,,,,,,,,,,,,,,,,,
